Id,MSZoning,LotFrontage,LotArea,LotShape,Neighborhood,Condition1,BldgType,HouseStyle,TotalBsmtSF,Foundation,CentralAir,GrLivArea,BedroomAbvGr,TotRmsAbvGrd,Fireplaces,TotalBath,GarageCars,GarageArea,WasRemodeled,AgeWhenSold,SalePrice
530,RL,0.0,30000,IR1,Crawfor,Norm,1Fam,1Story,2000,PConc,Y,2515,4,9,2,4,2,484,Y,50,200624
492,RL,79.0,9490,Reg,NAmes,Artery,1Fam,1.5Fin,806,CBlock,Y,1578,3,5,2,2,1,240,Y,65,133000
460,RL,0.0,7015,IR1,BrkSide,Norm,1Fam,1.5Fin,709,CBlock,Y,1203,3,5,1,2,1,352,N,59,110000
280,RL,83.0,10005,Reg,ClearCr,Norm,1Fam,2Story,1160,CBlock,Y,2022,4,8,1,3,2,505,N,31,192000
656,RM,21.0,1680,Reg,BrDale,Norm,Twnhs,2Story,525,CBlock,Y,1092,3,6,0,2,1,264,N,39,88000
1014,RM,60.0,7200,Reg,OldTown,Norm,1Fam,1Story,1022,BrkTil,N,1022,2,4,0,2,1,280,Y,99,85000
1404,RL,49.0,15256,IR1,Somerst,RRAn,1Fam,1Story,1485,PConc,Y,1464,3,6,0,3,3,754,N,0,282922
602,RM,50.0,9000,Reg,IDOTRR,Norm,1Fam,1.5Fin,780,PConc,Y,1375,3,6,1,2,1,544,Y,70,141000
1183,RL,150.0,15623,IR1,NoRidge,Norm,1Fam,2Story,2000,PConc,Y,3000,4,10,2,4,3,813,N,11,745000
688,FV,0.0,5105,IR2,Somerst,Norm,TwnhsE,2Story,551,PConc,Y,1102,2,4,0,3,2,480,N,3,148800
1318,FV,47.0,4230,Reg,Somerst,Norm,TwnhsE,1Story,1352,PConc,Y,1352,2,5,1,2,2,466,Y,1,208900
1004,RL,0.0,11500,IR1,NWAmes,Feedr,Duplex,1Story,1680,CBlock,Y,1680,4,8,0,2,2,528,N,31,136905
1301,RL,0.0,10762,IR1,Gilbert,Norm,1Fam,2Story,978,PConc,Y,1983,3,9,1,3,2,490,N,10,225000
1393,RL,68.0,7838,Reg,NAmes,Norm,1Fam,SFoyer,864,CBlock,Y,900,3,6,1,2,1,288,N,39,123000
1015,RL,60.0,11664,Reg,NAmes,Artery,1Fam,1Story,1082,CBlock,Y,1082,2,5,1,1,1,240,Y,59,119200
255,RL,70.0,8400,Reg,NAmes,Norm,1Fam,1Story,1314,CBlock,Y,1314,3,5,0,2,1,294,N,53,145000
1323,RL,107.0,10186,IR1,NoRidge,Norm,1Fam,2Story,750,PConc,Y,1923,3,8,1,4,2,564,N,18,190000
90,RL,60.0,8070,Reg,CollgCr,Norm,1Fam,1Story,990,PConc,Y,990,3,5,0,2,0,0,Y,13,123600
32,RL,0.0,8544,IR1,Sawyer,Norm,1Fam,1Story,1228,CBlock,Y,1228,3,6,0,2,1,271,Y,42,149350
483,RM,50.0,2500,Reg,OldTown,Norm,1Fam,2Story,910,PConc,Y,1826,4,7,1,3,1,164,Y,94,155000
143,RL,71.0,8520,Reg,NAmes,Artery,1Fam,1.5Fin,910,CBlock,Y,1385,4,6,0,2,2,720,N,58,166000
812,RM,0.0,4438,Reg,CollgCr,Norm,TwnhsE,1Story,848,PConc,Y,848,1,4,1,2,2,420,N,4,144500
53,RM,110.0,8472,IR2,IDOTRR,RRNn,Duplex,1Story,816,CBlock,N,816,2,5,0,2,2,516,N,47,110000
858,RL,65.0,8125,Reg,Gilbert,Norm,1Fam,2Story,702,PConc,Y,1481,3,6,1,3,2,343,Y,15,174000
1160,RL,76.0,9120,Reg,NWAmes,Norm,1Fam,2Story,901,CBlock,Y,1876,4,8,1,3,2,540,N,34,185000
992,RM,121.0,17671,Reg,OldTown,Artery,1Fam,2Story,916,BrkTil,Y,1742,4,8,1,2,2,424,Y,100,168000
1359,FV,0.0,2117,Reg,Somerst,Norm,Twnhs,2Story,756,PConc,Y,1573,3,5,0,3,2,440,N,10,177500
650,RM,21.0,1936,Reg,MeadowV,Norm,Twnhs,SFoyer,630,CBlock,Y,630,1,3,0,2,0,0,N,37,84500
725,RL,86.0,13286,IR1,Edwards,Norm,1Fam,1Story,1698,PConc,Y,1698,3,8,1,3,3,768,Y,2,320000
576,RL,80.0,8480,Reg,NAmes,Norm,1Fam,1.5Fin,832,CBlock,Y,1216,2,6,0,1,1,336,Y,61,118500
729,RL,85.0,11475,Reg,NAmes,Norm,Duplex,1Story,1584,CBlock,Y,1776,4,9,0,3,3,888,N,51,110000
847,RL,75.0,9317,Reg,SawyerW,Norm,1Fam,2Story,740,PConc,Y,1775,3,7,1,4,2,425,N,16,213000
361,RL,0.0,7540,IR1,Mitchel,Norm,1Fam,SFoyer,888,CBlock,Y,912,2,5,1,2,2,470,N,29,156000
5,RL,84.0,14260,IR1,NoRidge,Norm,1Fam,2Story,1145,PConc,Y,2198,4,9,1,4,3,836,N,8,250000
679,RL,80.0,11844,IR1,StoneBr,Norm,1Fam,1Story,2000,PConc,Y,2046,3,7,1,3,3,834,N,1,372500
559,RL,57.0,21872,IR2,Gilbert,Norm,1Fam,2Story,729,PConc,Y,1446,3,6,1,4,2,406,Y,12,175000
35,RL,60.0,7313,Reg,NridgHt,Norm,TwnhsE,1Story,1561,PConc,Y,1561,2,6,1,3,2,556,N,2,277500
1026,RL,70.0,7700,Reg,CollgCr,Norm,1Fam,1Story,882,CBlock,Y,882,3,5,0,2,2,461,N,35,112500
550,FV,75.0,9375,Reg,Somerst,Norm,1Fam,2Story,912,PConc,Y,2094,4,8,1,3,2,615,Y,6,263000
1106,RL,98.0,12256,IR1,NoRidge,Norm,1Fam,2Story,1463,PConc,Y,2622,3,9,2,4,2,712,Y,16,325000
176,RL,84.0,12615,Reg,Edwards,Norm,1Fam,1Story,1202,CBlock,Y,2158,4,7,1,3,2,576,Y,57,243000
55,RL,60.0,7134,Reg,NAmes,Norm,1Fam,SLvl,384,CBlock,Y,1360,3,6,1,1,2,572,N,52,130000
402,RL,65.0,8767,IR1,CollgCr,Norm,1Fam,1Story,1310,PConc,Y,1310,3,6,1,2,2,400,N,1,164990
1110,RL,107.0,11362,IR1,NridgHt,Norm,1Fam,1Story,1836,PConc,Y,1836,3,7,1,3,3,862,Y,5,280000
232,RL,150.0,15138,IR1,NoRidge,Norm,1Fam,2Story,1462,PConc,Y,2794,4,9,1,4,3,810,Y,14,403000
331,RL,0.0,10624,IR1,NAmes,Norm,Duplex,1Story,1728,CBlock,Y,1728,5,10,0,3,1,352,N,43,119000
549,RM,49.0,8235,IR1,OldTown,Feedr,1Fam,1Story,825,CBlock,Y,825,2,4,0,2,2,720,Y,53,125000
234,RL,75.0,10650,Reg,CollgCr,Norm,1Fam,1Story,894,CBlock,Y,894,3,5,0,2,1,308,N,34,128200
892,RL,70.0,11184,Reg,Sawyer,Norm,1Fam,2Story,918,CBlock,Y,1683,3,7,1,3,2,440,N,31,172500
1050,RL,60.0,11100,Reg,Edwards,Norm,1Fam,1Story,0,CBlock,Y,930,2,6,0,1,1,308,Y,64,84900
162,RL,110.0,13688,IR1,NridgHt,Norm,1Fam,2Story,1572,PConc,Y,2668,3,10,2,4,3,726,Y,5,412500
487,RL,79.0,10289,Reg,NAmes,Norm,1Fam,1Story,1073,CBlock,Y,1073,3,6,0,3,2,515,N,42,156000
1336,RL,80.0,9650,Reg,NWAmes,Norm,1Fam,1Story,1350,CBlock,Y,1334,2,6,1,3,2,630,N,32,167900
394,RL,0.0,7446,Reg,BrkSide,Feedr,1Fam,1Story,788,CBlock,Y,788,2,4,2,1,0,0,Y,65,100000
427,RL,0.0,12800,Reg,SawyerW,Norm,1Fam,SLvl,1518,PConc,Y,1644,2,5,1,4,2,569,N,20,275000
1341,RL,70.0,8294,Reg,NAmes,Norm,1Fam,1Story,858,CBlock,Y,872,3,5,0,1,4,480,N,36,123000
741,RM,60.0,9600,Reg,OldTown,Norm,1Fam,2Story,264,BrkTil,Y,1432,2,7,0,2,2,360,Y,97,132000
738,RL,72.0,10463,IR1,Gilbert,Norm,1Fam,2Story,893,PConc,Y,1801,3,8,1,3,3,800,N,1,239900
980,RL,80.0,8816,Reg,Sawyer,Feedr,1Fam,1Story,1121,PConc,Y,1121,3,5,0,2,2,480,N,46,139000
108,RM,50.0,6000,Reg,OldTown,Norm,1Fam,1Story,789,CBlock,Y,789,2,5,0,1,1,250,Y,60,115000
616,RL,80.0,8800,Reg,NAmes,Feedr,1Fam,SFoyer,936,PConc,Y,1054,3,6,0,2,2,480,N,47,137500
1071,RL,72.0,10152,Reg,NAmes,Norm,1Fam,1Story,1048,CBlock,Y,1048,3,6,0,2,1,286,N,51,135000
216,RL,72.0,10011,IR1,NAmes,Norm,1Fam,1Story,1070,CBlock,Y,1236,2,6,1,2,1,447,Y,49,134450
1291,RL,0.0,14112,IR1,NAmes,Norm,1Fam,SLvl,1152,PConc,Y,1152,3,6,1,2,2,484,N,46,180500
668,RL,65.0,8125,Reg,SawyerW,Norm,1Fam,1Story,1408,PConc,Y,1679,3,7,1,3,2,575,Y,14,193500
1321,RL,70.0,8400,Reg,NAmes,Norm,1Fam,1Story,1478,CBlock,Y,1478,3,6,2,3,2,442,N,52,156500
527,RL,70.0,13300,Reg,NAmes,Norm,1Fam,1Story,928,CBlock,Y,928,2,4,0,1,1,252,Y,51,132000
573,RL,83.0,13159,IR1,Timber,Norm,1Fam,2Story,846,PConc,Y,1692,3,6,0,3,2,650,N,0,224500
1275,RL,53.0,5362,Reg,Crawfor,Norm,1Fam,1.5Fin,661,PConc,Y,1250,3,8,1,2,2,552,Y,97,139000
823,RL,0.0,12394,IR1,Gilbert,Norm,1Fam,2Story,847,PConc,Y,1733,3,7,1,3,2,433,N,4,225000
316,RL,71.0,7795,IR1,Gilbert,Norm,1Fam,2Story,716,PConc,Y,1432,3,6,1,4,2,432,Y,5,188500
10,RL,50.0,7420,Reg,BrkSide,Artery,2fmCon,1.5Unf,991,BrkTil,Y,1077,2,5,2,2,1,205,Y,69,118000
1001,RL,74.0,10206,Reg,Edwards,Norm,1Fam,1Story,0,Slab,N,944,2,4,0,1,2,528,N,57,82000
689,RL,60.0,8089,Reg,StoneBr,Norm,1Fam,1Story,1419,PConc,Y,1419,2,7,1,3,2,567,N,0,392000
1123,RL,0.0,8926,IR1,Edwards,Norm,1Fam,1Story,672,CBlock,Y,960,3,5,0,1,1,288,N,53,112000
867,RL,67.0,10656,IR1,Timber,Norm,1Fam,1Story,1638,PConc,Y,1646,3,6,1,2,3,870,Y,1,248900
1215,RL,69.0,10205,IR1,NAmes,Norm,1Fam,SFoyer,925,CBlock,Y,999,3,6,0,2,1,300,N,44,134500
590,RM,50.0,9100,Reg,BrkSide,RRAn,1Fam,1Story,742,BrkTil,Y,935,2,4,0,1,1,308,Y,78,79500
160,RL,134.0,19378,IR1,Gilbert,Norm,1Fam,2Story,1392,PConc,Y,2462,4,9,1,4,2,576,Y,1,320000
254,RL,85.0,9350,Reg,NAmes,Norm,1Fam,SLvl,1302,CBlock,Y,1302,3,7,0,3,1,309,Y,43,158000
1130,RM,60.0,7200,Reg,OldTown,Norm,Duplex,SFoyer,936,CBlock,Y,936,2,4,0,2,2,672,N,27,140000
880,RL,0.0,7000,IR1,CollgCr,Norm,1Fam,1Story,864,CBlock,Y,864,3,6,0,2,1,336,Y,31,136500
536,RL,70.0,7000,Reg,Edwards,Norm,2fmCon,2Story,1117,CBlock,Y,1347,3,5,0,2,0,0,Y,98,107500
1048,RL,57.0,9245,IR2,CollgCr,Norm,1Fam,1Story,990,PConc,Y,990,3,5,0,2,2,672,Y,14,145000
1174,RL,138.0,18030,IR1,ClearCr,Norm,1Fam,1.5Fin,1598,CBlock,Y,3000,3,10,1,3,0,0,Y,61,200500
959,RL,65.0,8450,Reg,CollgCr,Norm,1Fam,1Story,1337,PConc,Y,1337,3,6,0,3,2,531,N,4,185000
1405,RL,60.0,10410,Reg,OldTown,Artery,1Fam,1.5Fin,672,PConc,Y,1214,3,6,0,1,3,936,Y,91,105000
512,RL,40.0,6792,IR1,NridgHt,Norm,TwnhsE,1Story,1368,PConc,Y,1368,2,6,1,2,2,474,Y,1,202665
212,RL,83.0,10420,Reg,Edwards,Norm,1Fam,1Story,1212,PConc,Y,1212,3,6,0,2,2,460,N,1,186000
123,RL,75.0,9464,Reg,NAmes,Norm,1Fam,1Story,1080,CBlock,Y,1080,3,5,0,1,1,288,N,50,136000
872,RL,70.0,8750,Reg,CollgCr,Norm,1Fam,2Story,804,PConc,Y,1682,3,7,0,3,2,523,N,12,200500
365,RL,0.0,18800,IR1,NWAmes,Norm,1Fam,2Story,796,PConc,Y,1574,3,6,1,4,2,566,N,30,190000
1085,RL,0.0,13031,IR2,Gilbert,Norm,1Fam,2Story,691,PConc,Y,1498,3,6,1,3,2,409,Y,11,187500
1339,RL,95.0,13450,IR1,CollgCr,Norm,1Fam,2Story,916,PConc,Y,1861,3,8,0,4,2,492,N,4,200000
444,RL,53.0,3922,Reg,Blmngtn,Norm,TwnhsE,1Story,1258,PConc,Y,1258,2,6,1,2,3,648,Y,1,172500
15,RL,0.0,10920,IR1,NAmes,Norm,1Fam,1Story,1253,CBlock,Y,1253,2,5,1,3,1,352,N,48,157000
705,RL,70.0,8400,Reg,CollgCr,Norm,1Fam,1Story,1473,PConc,Y,1484,3,7,0,3,2,606,Y,6,213000
564,RL,66.0,21780,Reg,Edwards,Norm,1Fam,1.5Fin,1163,BrkTil,Y,1674,4,8,1,2,2,396,Y,90,185000
723,RL,70.0,8120,Reg,NAmes,Norm,1Fam,1Story,864,CBlock,Y,864,3,5,0,1,2,463,N,39,124500
443,RM,52.0,6240,Reg,BrkSide,Norm,1Fam,1.5Fin,1078,PConc,Y,1573,3,8,1,2,2,360,Y,78,162900
142,RL,78.0,11645,Reg,CollgCr,Norm,1Fam,1Story,1734,PConc,Y,1734,3,7,0,3,2,660,N,1,260000
363,RL,64.0,7301,Reg,Edwards,Norm,1Fam,SFoyer,0,Slab,Y,1922,4,7,1,3,2,672,N,6,198500
183,RL,60.0,9060,Reg,Edwards,Artery,1Fam,1Story,0,PConc,Y,1340,3,7,1,1,1,252,Y,50,120000
1074,RL,75.0,7950,IR1,Edwards,Norm,1Fam,2Story,690,CBlock,Y,1426,3,6,0,2,2,440,N,32,159500
354,RM,60.0,8520,Reg,OldTown,Norm,1Fam,1Story,624,BrkTil,Y,720,2,5,0,1,2,484,Y,82,105900
86,RL,121.0,16059,Reg,NoRidge,Norm,1Fam,2Story,1288,CBlock,Y,2417,4,9,1,3,2,462,Y,15,260000
6,RL,85.0,14115,IR1,Mitchel,Norm,1Fam,1.5Fin,796,Wood,Y,1362,1,5,0,3,2,480,Y,16,143000
897,RM,50.0,8765,Reg,IDOTRR,Norm,1Fam,1Story,951,BrkTil,N,951,2,6,0,1,1,327,Y,70,106500
966,RL,65.0,10237,Reg,Gilbert,RRAn,1Fam,2Story,783,PConc,Y,1484,3,8,1,3,2,393,Y,2,178900
1097,RM,60.0,6882,Reg,IDOTRR,Norm,1Fam,2Story,684,PConc,Y,1355,3,7,0,2,0,0,Y,93,127000
439,RL,40.0,4280,Reg,Crawfor,Norm,1Fam,1Story,440,PConc,N,694,2,4,1,1,1,352,Y,94,90350
610,RL,61.0,7943,Reg,Sawyer,Feedr,1Fam,1Story,1029,CBlock,Y,1029,3,5,0,2,1,261,N,46,118500
153,RL,0.0,14803,IR1,NWAmes,Norm,1Fam,2Story,825,CBlock,Y,1993,4,8,1,3,2,495,N,35,190000
313,RM,65.0,7800,Reg,OldTown,Artery,2fmCon,1.5Fin,793,CBlock,Y,1118,3,5,1,2,2,410,Y,67,119900
1266,FV,35.0,3735,Reg,Somerst,Norm,TwnhsE,2Story,691,PConc,Y,1452,3,6,0,4,2,506,N,7,183900
963,RL,24.0,2308,Reg,NPkVill,Norm,TwnhsE,2Story,804,CBlock,Y,1548,3,7,1,4,2,440,N,31,155000
225,RL,103.0,13472,Reg,NridgHt,Norm,1Fam,1Story,2000,PConc,Y,2392,3,8,1,2,3,968,N,6,386250
1082,RL,75.0,7500,Reg,Sawyer,Feedr,1Fam,1Story,1040,CBlock,Y,1040,3,5,0,3,1,308,N,47,133000
81,RL,100.0,13000,Reg,NAmes,Norm,1Fam,2Story,896,CBlock,Y,2142,4,8,1,3,1,509,N,41,193500
318,FV,75.0,9000,Reg,Somerst,Norm,1Fam,2Story,1088,PConc,Y,1959,3,8,1,3,3,1000,N,1,270000
149,RL,63.0,7500,Reg,SawyerW,Norm,1Fam,1Story,1080,PConc,Y,1080,3,6,0,2,0,0,Y,4,141000
579,FV,34.0,3604,Reg,Somerst,Norm,TwnhsE,2Story,689,PConc,Y,1392,2,5,0,2,2,540,N,1,146000
680,RL,0.0,9945,IR1,Sawyer,Norm,1Fam,1Story,988,CBlock,Y,988,3,5,0,2,2,572,N,46,128500
928,RL,0.0,9900,Reg,NWAmes,Feedr,1Fam,2Story,832,CBlock,Y,1978,4,9,1,3,2,486,N,40,176000
97,RL,78.0,10264,IR1,CollgCr,Norm,1Fam,1Story,1588,PConc,Y,1588,3,6,0,2,2,472,N,7,214000
413,FV,0.0,4403,IR2,Somerst,Norm,1Fam,1Story,1470,PConc,Y,1478,2,7,1,4,2,484,N,1,222000
279,RL,107.0,14450,Reg,NridgHt,Norm,1Fam,1Story,2000,PConc,Y,2121,3,8,1,3,3,732,Y,1,415298
382,FV,60.0,7200,Reg,Somerst,Norm,1Fam,1Story,1293,PConc,Y,1301,2,5,1,3,2,572,N,0,187750
978,FV,35.0,4274,IR1,Somerst,Norm,TwnhsE,1Story,1241,PConc,Y,1241,1,4,0,3,2,569,Y,1,199900
1056,RL,104.0,11361,Reg,NWAmes,Norm,1Fam,1Story,1193,CBlock,Y,1523,3,7,1,3,2,478,N,32,180000
421,RM,78.0,7060,Reg,Mitchel,Norm,Duplex,SFoyer,1344,PConc,Y,1344,2,8,0,4,4,784,Y,11,206300
1075,RL,74.0,8556,Reg,CollgCr,Norm,1Fam,1Story,1240,PConc,Y,1240,2,5,0,2,3,826,N,1,194000
898,RL,64.0,7018,Reg,SawyerW,Feedr,Duplex,2Story,0,Slab,Y,2240,5,10,0,2,2,528,N,30,142953
1430,RL,0.0,12546,IR1,NWAmes,Norm,1Fam,1Story,1440,CBlock,Y,1440,3,7,1,2,2,467,N,26,182900
1201,RL,71.0,9353,Reg,NAmes,Norm,1Fam,1Story,864,CBlock,Y,864,3,5,0,1,1,280,N,36,116050
543,RL,78.0,10140,Reg,NWAmes,RRAn,1Fam,1Story,1650,PConc,Y,1680,3,7,1,3,2,583,Y,11,213250
824,RL,60.0,9900,Reg,SWISU,Norm,1Fam,1.5Fin,778,BrkTil,Y,1489,3,7,1,2,1,240,Y,69,139500
743,RL,65.0,8450,Reg,SawyerW,Norm,1Fam,1Story,1349,PConc,Y,1349,3,6,0,2,2,539,Y,7,179000
789,RM,50.0,6000,Reg,OldTown,Norm,1Fam,1Story,901,CBlock,Y,901,2,4,0,1,1,281,Y,54,107900
782,RL,65.0,7153,Reg,SawyerW,Norm,1Fam,2Story,761,PConc,Y,1603,3,7,0,3,2,484,N,14,175900
300,RL,80.0,14000,Reg,Crawfor,Norm,1Fam,1Story,1092,CBlock,Y,1152,3,6,1,2,1,300,Y,59,158500
1453,RM,35.0,3675,Reg,Edwards,Norm,TwnhsE,SLvl,547,PConc,Y,1072,2,5,0,2,2,525,N,1,145000
114,RL,0.0,21000,Reg,Crawfor,Norm,1Fam,1Story,1809,CBlock,Y,2259,3,7,2,3,2,450,N,54,217000
1283,RL,61.0,8800,IR1,CollgCr,Norm,1Fam,1Story,1040,CBlock,Y,1040,3,5,0,2,2,484,Y,32,150500
1164,RL,60.0,12900,Reg,Sawyer,Feedr,Duplex,SFoyer,1198,CBlock,Y,1258,1,6,0,4,2,400,N,39,108959
311,RL,0.0,7685,IR1,Gilbert,Norm,1Fam,2Story,697,PConc,Y,1501,3,6,1,3,2,420,Y,13,165600
931,RL,73.0,8925,IR1,Timber,Norm,1Fam,1Story,1466,PConc,Y,1466,3,7,0,2,3,610,N,2,201000
657,RL,72.0,10007,IR1,NAmes,Norm,1Fam,1Story,1053,CBlock,Y,1053,3,5,0,3,1,312,Y,49,145500
46,RL,61.0,7658,Reg,NridgHt,Norm,TwnhsE,1Story,1752,PConc,Y,1752,2,6,1,3,2,576,N,5,319900
1349,RL,0.0,16196,IR3,SawyerW,Norm,1Fam,1Story,1482,PConc,Y,1494,3,5,1,3,2,514,N,9,215000
56,RL,100.0,10175,IR1,NAmes,Norm,1Fam,1Story,1425,CBlock,Y,1425,3,7,1,2,2,576,N,44,180500
1229,RL,65.0,8769,Reg,NridgHt,Norm,TwnhsE,1Story,1702,PConc,Y,1702,1,7,1,3,3,1000,N,0,367294
964,RL,122.0,11923,IR1,CollgCr,Norm,1Fam,1Story,1800,PConc,Y,1800,2,7,0,2,2,702,N,2,239000
922,RL,67.0,8777,Reg,Edwards,Feedr,Duplex,1.5Fin,1272,CBlock,Y,2200,4,9,0,4,0,0,Y,100,145900
459,RM,0.0,5100,Reg,OldTown,Norm,1Fam,2Story,588,PConc,Y,1666,3,7,1,1,1,228,Y,83,161000
1387,RL,80.0,16692,IR1,NWAmes,RRAn,1Fam,2Story,1392,CBlock,Y,2784,5,10,2,4,2,564,N,28,250000
480,RM,50.0,5925,Reg,OldTown,Norm,1Fam,1Story,907,BrkTil,Y,1131,2,7,0,1,2,672,Y,70,89471
1245,RL,0.0,11435,IR1,Crawfor,Norm,1Fam,2Story,792,PConc,Y,1517,3,7,2,1,2,400,Y,77,230000
614,RL,70.0,8402,Reg,Mitchel,Feedr,1Fam,1Story,1120,PConc,Y,1120,3,6,0,1,0,0,N,0,147000
1125,RL,0.0,9125,IR1,Gilbert,Norm,1Fam,SLvl,384,PConc,Y,1482,3,7,1,3,2,392,N,15,163900
224,RL,70.0,10500,Reg,NAmes,Norm,1Fam,1Story,864,CBlock,Y,864,2,4,0,1,2,576,N,38,97000
1234,RL,0.0,12160,IR1,NAmes,Norm,1Fam,1Story,1188,CBlock,Y,1188,3,6,0,2,2,531,N,51,142000
990,FV,65.0,8125,Reg,Somerst,Norm,1Fam,2Story,770,PConc,Y,1576,3,6,0,3,2,614,N,0,197000
714,RL,60.0,9873,Reg,BrkSide,RRAn,2fmCon,1Story,960,CBlock,N,960,3,6,0,2,2,576,N,36,129000
1003,RL,75.0,11957,IR1,Somerst,RRAn,1Fam,1Story,1574,PConc,Y,1574,3,7,1,2,3,824,N,2,232000
109,RM,85.0,8500,Reg,IDOTRR,Artery,1Fam,1.5Fin,793,CBlock,N,1517,3,7,0,2,0,0,Y,88,115000
744,RL,70.0,12886,IR1,Sawyer,Norm,1Fam,SLvl,520,CBlock,Y,1464,3,6,1,3,2,480,Y,46,175000
518,RL,79.0,10208,IR1,NoRidge,Norm,1Fam,2Story,1264,PConc,Y,2344,3,7,1,3,3,889,Y,13,265000
334,RM,59.0,8198,Reg,NridgHt,Norm,TwnhsE,1Story,1358,PConc,Y,1358,2,6,1,3,2,484,N,4,207000
1109,RL,0.0,8063,Reg,Gilbert,Norm,1Fam,2Story,924,PConc,Y,1690,3,7,1,3,2,463,N,7,181000
261,RL,120.0,19296,Reg,NAmes,Artery,1Fam,SLvl,1362,CBlock,Y,1382,3,6,1,2,2,884,N,47,176000
796,RL,70.0,8400,Reg,SawyerW,Norm,1Fam,2Story,650,CBlock,Y,1564,3,7,1,3,2,476,Y,30,171000
1043,RL,34.0,5381,IR1,NridgHt,Norm,Twnhs,1Story,1306,PConc,Y,1306,1,5,1,3,2,624,N,4,196000
696,RL,54.0,13811,IR1,Timber,Norm,1Fam,1Story,1112,CBlock,Y,1137,2,5,1,3,2,551,N,19,176000
423,RL,100.0,21750,Reg,Mitchel,Artery,1Fam,1Story,988,CBlock,Y,988,2,4,0,1,2,520,N,54,113000
575,RL,70.0,10500,Reg,NAmes,Norm,1Fam,SLvl,372,CBlock,Y,1109,3,5,0,2,1,288,Y,36,139000
1103,RL,70.0,7000,Reg,NAmes,Norm,1Fam,1Story,1010,CBlock,Y,1134,2,6,0,1,1,254,Y,47,135000
622,RL,90.0,10800,Reg,NWAmes,Norm,1Fam,2Story,1522,CBlock,Y,2614,4,9,1,3,2,624,Y,34,240000
203,RL,50.0,7000,Reg,OldTown,Artery,1Fam,1.5Fin,617,BrkTil,Y,1310,2,6,0,2,1,398,Y,82,112000
514,RL,71.0,9187,Reg,Mitchel,Norm,1Fam,1Story,1084,PConc,Y,1080,3,5,0,2,2,484,N,24,134000
569,RL,79.0,12327,IR1,SawyerW,Norm,1Fam,1.5Fin,1496,CBlock,Y,2132,1,5,1,3,2,612,Y,26,316600
1356,RL,102.0,10192,IR1,NWAmes,Norm,1Fam,SLvl,570,CBlock,Y,1920,4,8,1,3,2,487,Y,38,170000
437,RM,40.0,4400,Reg,OldTown,Norm,1Fam,1.5Fin,648,BrkTil,Y,1118,2,6,0,1,2,440,Y,86,116000
28,RL,98.0,11478,Reg,NridgHt,Norm,1Fam,1Story,1704,PConc,Y,1704,3,7,1,3,3,772,Y,3,306000
309,RL,0.0,12342,IR1,Edwards,Norm,1Fam,1Story,861,CBlock,Y,861,1,4,0,1,2,539,Y,69,82500
299,RL,90.0,11700,Reg,NWAmes,Norm,1Fam,2Story,702,CBlock,Y,1743,3,7,1,4,2,539,N,39,175000
228,RM,21.0,1869,Reg,BrDale,Norm,Twnhs,2Story,483,CBlock,Y,987,2,5,0,2,1,280,N,38,106000
1022,RL,64.0,7406,Reg,CollgCr,Norm,1Fam,1Story,1199,PConc,Y,1220,2,6,0,3,2,632,N,0,194000
598,RL,53.0,3922,Reg,Blmngtn,Norm,TwnhsE,1Story,1258,PConc,Y,1402,2,7,1,4,3,648,Y,1,194201
1079,RM,37.0,4435,Reg,CollgCr,Norm,TwnhsE,1Story,848,PConc,Y,848,1,3,1,2,2,420,N,2,155900
1308,RL,60.0,8072,Reg,CollgCr,Norm,1Fam,1Story,990,PConc,Y,990,3,5,0,2,2,480,Y,15,138000
1274,RL,124.0,11512,IR1,Edwards,Norm,1Fam,SLvl,1019,CBlock,Y,1357,2,5,1,2,1,312,Y,49,177000
568,RL,70.0,10171,IR1,NridgHt,Norm,1Fam,1Story,1517,PConc,Y,1535,3,7,0,2,2,532,N,6,214000
377,RL,57.0,8846,IR1,CollgCr,Norm,1Fam,SFoyer,870,PConc,Y,914,2,5,0,1,2,576,N,10,148000
185,RL,92.0,7438,IR1,BrkSide,RRAn,1Fam,1.5Fin,504,PConc,Y,1252,3,5,0,1,2,576,Y,98,127000
296,RL,37.0,7937,IR1,Mitchel,Norm,1Fam,SLvl,1003,CBlock,Y,1003,3,6,0,2,2,588,N,22,142500
1040,RM,21.0,1477,Reg,MeadowV,Norm,TwnhsE,SFoyer,630,CBlock,Y,630,1,3,0,2,1,286,N,39,80000
1226,RL,65.0,10482,Reg,NAmes,Norm,1Fam,SLvl,588,CBlock,Y,1138,3,6,0,2,1,264,N,49,145000
1352,RL,70.0,9247,IR1,NAmes,Norm,1Fam,2Story,858,CBlock,Y,1716,4,8,1,2,2,490,N,46,171000
433,RM,24.0,1920,Reg,BrDale,Norm,TwnhsE,2Story,765,CBlock,Y,1365,2,6,0,3,2,440,N,36,122500
20,RL,70.0,7560,Reg,NAmes,Norm,1Fam,1Story,1029,CBlock,Y,1339,3,6,0,1,1,294,Y,51,139000
713,RL,40.0,4671,IR1,StoneBr,Norm,TwnhsE,1Story,1228,PConc,Y,1228,2,5,1,3,2,472,Y,20,189000
269,RM,71.0,6900,Reg,IDOTRR,Norm,1Fam,1Story,740,CBlock,Y,778,2,4,1,1,1,924,Y,68,120500
465,RL,60.0,8430,Reg,CollgCr,Norm,1Fam,1Story,1040,CBlock,Y,1040,3,5,0,2,0,0,N,31,124000
1031,RH,0.0,7082,Reg,SWISU,Norm,2fmCon,2Story,686,PConc,Y,1928,5,10,0,2,0,0,Y,90,160000
1351,RL,91.0,11643,Reg,NAmes,Artery,Duplex,2Story,1248,CBlock,Y,2634,5,10,0,4,4,968,N,40,200000
1084,RL,80.0,8800,Reg,NAmes,Norm,1Fam,1Story,1251,CBlock,Y,1251,3,6,2,2,1,461,N,42,160000
611,RL,0.0,11050,Reg,CollgCr,PosN,1Fam,2Story,1440,PConc,Y,2153,3,8,2,4,3,736,N,9,313000
1319,RL,0.0,14781,IR2,CollgCr,Norm,1Fam,1Story,1753,PConc,Y,1787,3,7,1,2,3,748,Y,5,275000
621,RL,45.0,8248,Reg,Edwards,Norm,1Fam,1Story,864,BrkTil,N,864,2,5,0,2,0,0,Y,94,67000
19,RL,66.0,13695,Reg,SawyerW,RRAe,1Fam,1Story,1114,PConc,Y,1114,3,6,0,3,2,576,N,4,159000
475,RL,41.0,5330,Reg,StoneBr,Norm,TwnhsE,1Story,1494,PConc,Y,1652,2,6,0,3,2,499,N,7,251000
1091,RL,60.0,8544,Reg,NAmes,Norm,Duplex,1Story,0,Slab,N,1040,2,6,0,2,2,400,N,59,92900
827,RM,50.0,6130,Reg,BrkSide,Norm,1Fam,1.5Unf,784,BrkTil,Y,784,2,5,0,2,0,0,Y,84,109500
54,RL,68.0,30000,IR1,Veenker,Norm,1Fam,1Story,1842,CBlock,Y,1842,1,5,1,3,3,894,Y,25,385000
667,RL,0.0,18450,IR1,NAmes,Norm,1Fam,2Story,1021,CBlock,Y,2380,3,7,1,3,2,596,Y,42,129000
633,RL,85.0,11900,Reg,NWAmes,Norm,1Fam,1Story,1386,CBlock,Y,1411,3,6,1,2,2,544,N,32,82500
323,RL,86.0,10380,IR1,SawyerW,Norm,1Fam,2Story,1502,CBlock,Y,2730,4,8,1,4,2,576,Y,21,301000
48,FV,84.0,11096,Reg,Somerst,Norm,1Fam,1Story,1656,PConc,Y,1656,3,7,0,2,3,826,N,1,249700
435,RM,21.0,1890,Reg,MeadowV,Norm,Twnhs,SFoyer,630,CBlock,Y,630,1,3,0,2,0,0,N,36,81000
320,RL,0.0,14115,Reg,NWAmes,Norm,1Fam,SLvl,1372,CBlock,Y,1472,3,6,2,3,2,588,N,29,187500
663,RL,120.0,13560,Reg,NAmes,Norm,1Fam,1Story,1392,CBlock,Y,1392,2,5,2,2,2,576,N,41,110000
987,RM,59.0,5310,Reg,OldTown,Feedr,1Fam,1.5Fin,485,CBlock,Y,1635,2,5,0,1,1,255,Y,96,117000
1340,RL,120.0,9560,IR1,CollgCr,Norm,1Fam,1Story,864,CBlock,Y,864,3,5,0,1,1,288,N,34,128500
1020,RL,43.0,3013,Reg,Blmngtn,Norm,TwnhsE,1Story,1362,PConc,Y,1506,2,6,1,2,2,440,N,1,213490
555,RL,85.0,10625,Reg,NridgHt,Norm,1Fam,2Story,998,PConc,Y,2046,3,8,1,4,3,871,Y,5,284000
666,RL,106.0,11194,IR1,Gilbert,Norm,1Fam,2Story,1406,PConc,Y,1936,3,7,1,3,2,504,N,6,230500
447,RL,137.0,16492,IR1,NAmes,PosA,1Fam,1Story,1517,CBlock,Y,1888,2,6,1,3,2,578,Y,44,190000
900,RL,65.0,6993,Reg,Sawyer,Feedr,1Fam,1Story,912,CBlock,Y,1236,3,6,1,1,1,288,Y,45,135000
859,RL,80.0,10400,Reg,NWAmes,Norm,1Fam,1Story,1090,CBlock,Y,1370,3,6,1,2,2,479,N,33,152000
343,RL,0.0,8544,Reg,NAmes,Norm,Duplex,1Story,0,Slab,N,1040,2,6,0,2,2,400,Y,57,87500
462,RL,60.0,7200,Reg,SWISU,Feedr,1Fam,2Story,560,PConc,Y,1135,3,6,0,2,2,576,Y,73,155000
141,RL,70.0,10500,Reg,NAmes,Norm,1Fam,1Story,864,CBlock,Y,864,3,5,1,1,0,0,N,39,115000
839,RL,75.0,9525,Reg,CollgCr,Norm,1Fam,1Story,1099,PConc,Y,1099,3,6,0,2,1,352,Y,13,144000
1058,RL,0.0,29959,IR2,NoRidge,Norm,1Fam,2Story,973,PConc,Y,1850,3,7,1,3,2,467,N,15,248000
1286,RM,50.0,6000,Reg,BrkSide,Norm,1Fam,1.5Fin,780,CBlock,Y,1412,4,6,1,1,1,280,Y,70,132500
1451,RL,60.0,9000,Reg,NAmes,Norm,Duplex,2Story,896,CBlock,Y,1792,4,8,0,4,0,0,N,35,136000
1115,RL,90.0,5400,Reg,OldTown,Norm,1Fam,1Story,833,CBlock,Y,833,2,4,0,1,1,326,Y,52,117000
40,RL,65.0,6040,Reg,Edwards,Norm,Duplex,1Story,0,PConc,N,1152,2,6,0,2,0,0,N,53,82000
348,RL,0.0,17600,IR1,NAmes,Norm,1Fam,1Story,1478,CBlock,Y,1478,3,6,2,3,2,498,N,49,157500
205,RM,50.0,3500,Reg,OldTown,Norm,1Fam,1.5Fin,720,CBlock,Y,1284,2,5,0,2,1,240,Y,62,110000
1261,RL,0.0,24682,IR3,Gilbert,RRAn,1Fam,2Story,841,PConc,Y,1675,3,7,1,3,2,502,N,10,181000
949,RL,65.0,14006,IR1,CollgCr,Norm,1Fam,2Story,936,PConc,Y,1776,3,7,1,3,2,474,N,4,192500
3,RL,68.0,11250,IR1,CollgCr,Norm,1Fam,2Story,920,PConc,Y,1786,3,6,1,4,2,608,Y,7,223500
2,RL,80.0,9600,Reg,Veenker,Feedr,1Fam,1Story,1262,CBlock,Y,1262,3,6,1,3,2,460,N,31,181500
1098,RL,0.0,3696,Reg,StoneBr,Norm,TwnhsE,1Story,1074,CBlock,Y,1088,2,5,0,2,2,461,N,21,170000
1018,RL,0.0,5814,IR1,StoneBr,Norm,TwnhsE,1Story,1220,CBlock,Y,1360,1,4,1,2,2,565,N,25,187500
591,RL,64.0,8320,Reg,CollgCr,Norm,1Fam,2Story,770,PConc,Y,1582,3,6,0,3,2,520,N,4,185900
967,RL,130.0,9600,IR1,Crawfor,Norm,1Fam,1.5Fin,728,BrkTil,Y,1308,2,7,2,3,1,256,Y,69,160000
193,RL,68.0,9017,IR1,CollgCr,Norm,1Fam,1Story,1431,PConc,Y,1431,3,6,0,3,2,666,N,10,192000
581,RL,0.0,14585,IR1,NAmes,Norm,1Fam,1Story,1144,CBlock,Y,1429,3,7,2,2,2,572,Y,47,181900
271,FV,84.0,10728,Reg,Somerst,Norm,1Fam,2Story,1095,PConc,Y,1939,3,8,1,3,3,1000,N,0,266000
1258,RL,56.0,4060,Reg,Edwards,Feedr,1Fam,1Story,864,PConc,Y,864,2,4,0,1,0,0,Y,87,99900
59,RL,66.0,13682,IR2,StoneBr,Norm,1Fam,2Story,1410,PConc,Y,2945,3,10,1,4,3,641,N,0,438780
1218,FV,72.0,8640,Reg,Somerst,Norm,1Fam,1Story,1300,PConc,Y,1314,3,6,0,3,2,552,N,0,229456
769,RL,70.0,9100,Reg,CollgCr,Norm,1Fam,1Story,1860,PConc,Y,1836,3,8,1,2,2,484,Y,2,216837
242,RM,40.0,3880,Reg,OldTown,Norm,1Fam,1Story,686,CBlock,Y,866,2,4,0,1,0,0,Y,62,110500
1416,RL,51.0,3635,Reg,Blmngtn,Norm,TwnhsE,1Story,1386,PConc,Y,1569,1,7,1,3,3,660,N,2,175900
770,RL,47.0,30000,IR2,StoneBr,Norm,1Fam,2Story,1650,PConc,Y,3000,4,10,1,4,3,841,N,7,538000
1299,RL,150.0,30000,IR3,Edwards,Feedr,1Fam,2Story,2000,PConc,Y,3000,3,10,2,4,2,1000,N,0,160000
57,FV,24.0,2645,Reg,Somerst,Norm,Twnhs,2Story,970,PConc,Y,1739,3,7,0,4,2,480,Y,10,172500
652,RL,60.0,9084,Reg,Edwards,Artery,1Fam,2Story,755,CBlock,Y,1510,4,7,1,2,1,296,Y,69,108000
580,RM,81.0,12150,Reg,OldTown,Norm,1Fam,1.5Fin,1050,BrkTil,N,1795,4,7,0,2,1,352,N,54,131500
521,RL,60.0,10800,Reg,OldTown,Norm,2fmCon,2Story,0,BrkTil,N,1294,3,7,0,2,0,0,Y,100,106250
826,RL,114.0,14803,Reg,NridgHt,PosN,1Fam,1Story,2000,PConc,Y,2084,2,7,1,3,3,1000,Y,1,385000
645,FV,85.0,9187,Reg,Somerst,Norm,1Fam,1Story,1766,PConc,Y,1766,2,7,1,4,3,478,N,0,370878
643,RL,75.0,13860,Reg,NAmes,Norm,1Fam,SLvl,1952,CBlock,Y,2704,4,9,2,4,2,538,Y,37,345000
30,RM,60.0,6324,IR1,BrkSide,Feedr,1Fam,1Story,520,BrkTil,N,520,1,4,0,1,1,240,Y,81,68500
908,RL,86.0,11500,IR1,Crawfor,Norm,1Fam,1.5Fin,1017,CBlock,Y,2057,3,6,1,2,1,180,Y,70,250000
1167,RL,64.0,10475,IR1,CollgCr,Norm,1Fam,1Story,1694,PConc,Y,1694,3,7,0,2,3,776,N,2,245350
1193,RM,60.0,9600,Reg,OldTown,Norm,1Fam,1.5Fin,702,PConc,Y,1472,3,6,0,1,1,250,Y,82,125000
520,RL,53.0,10918,Reg,Crawfor,Norm,1Fam,2Story,1276,BrkTil,Y,2080,3,9,2,2,1,282,Y,83,234000
362,RL,0.0,9144,Reg,BrkSide,Norm,1Fam,1.5Fin,883,CBlock,Y,1505,3,8,0,2,1,240,Y,68,145000
125,RL,48.0,17043,IR1,NWAmes,Norm,1Fam,1Story,1362,CBlock,Y,1586,3,7,1,2,2,435,Y,30,181000
199,RM,92.0,5520,Reg,OldTown,Norm,1Fam,2.5Fin,755,CBlock,Y,2229,5,8,0,1,0,0,Y,97,104000
788,RL,76.0,10142,IR1,SawyerW,Norm,1Fam,2Story,956,PConc,Y,2084,4,8,0,4,2,618,N,6,233000
1212,RL,150.0,12134,IR1,Gilbert,Norm,1Fam,1.5Fin,559,Wood,Y,1752,4,8,0,2,2,492,Y,22,164000
1076,RL,75.0,13125,Reg,Crawfor,Norm,1Fam,2Story,800,CBlock,Y,1740,3,6,2,2,1,240,Y,67,219500
1238,RL,41.0,12393,IR2,CollgCr,Norm,1Fam,2Story,847,PConc,Y,1948,4,8,1,3,2,434,Y,2,195000
558,C (all),60.0,11040,Reg,IDOTRR,Norm,1Fam,1.5Fin,637,CBlock,Y,1336,3,7,0,2,1,570,Y,86,108000
304,RL,70.0,9800,Reg,CollgCr,Norm,1Fam,1Story,894,PConc,Y,894,3,5,0,2,2,552,N,34,149900
1360,RL,129.0,16737,Reg,NridgHt,Norm,1Fam,1Story,1980,PConc,Y,1980,3,8,1,3,3,770,Y,2,315000
1302,RL,0.0,7500,IR1,Crawfor,Norm,1Fam,2Story,771,CBlock,Y,1494,3,7,2,1,1,213,Y,67,177500
1428,RL,60.0,10930,Reg,NAmes,Artery,1Fam,1.5Fin,913,CBlock,Y,1558,3,6,1,3,1,288,Y,63,140000
1403,RL,64.0,6762,Reg,CollgCr,Norm,1Fam,1Story,1286,PConc,Y,1294,2,6,1,2,2,662,N,0,193879
1224,RL,89.0,10680,Reg,NAmes,Norm,1Fam,1Story,2000,CBlock,N,2136,4,7,0,2,2,528,N,55,137900
1030,RM,21.0,1680,Reg,BrDale,Norm,Twnhs,2Story,672,CBlock,Y,1218,3,7,0,3,1,264,N,34,118000
327,RL,32.0,10846,IR1,Veenker,Norm,TwnhsE,1Story,1719,PConc,Y,1719,1,6,2,4,2,473,N,15,324000
441,RL,105.0,15431,Reg,NridgHt,Norm,1Fam,1Story,2000,PConc,Y,2402,2,10,2,3,3,672,N,1,555000
1388,RM,60.0,8520,Reg,OldTown,Artery,1Fam,1.5Fin,714,BrkTil,N,2526,5,10,1,2,1,216,Y,91,136000
1324,RL,50.0,5330,Reg,BrkSide,Norm,1Fam,1Story,420,CBlock,Y,708,2,5,0,1,0,0,Y,69,82500
62,RM,60.0,7200,Reg,IDOTRR,Norm,1Fam,2.5Unf,530,BrkTil,N,1111,3,6,0,1,1,288,Y,87,101000
619,RL,90.0,11694,Reg,NridgHt,Norm,1Fam,1Story,1822,PConc,Y,1828,3,9,1,2,3,774,N,0,314813
871,RL,60.0,6600,Reg,NAmes,PosN,1Fam,1Story,894,CBlock,N,894,2,5,0,1,1,308,N,47,109500
93,RL,80.0,13360,IR1,Crawfor,Norm,1Fam,1Story,876,BrkTil,Y,964,2,5,0,2,2,432,Y,88,163500
818,RL,0.0,13265,IR1,Mitchel,Norm,1Fam,1Story,1568,PConc,Y,1689,3,7,2,3,3,857,N,6,271000
303,RL,118.0,13704,IR1,CollgCr,Norm,1Fam,1Story,1541,PConc,Y,1541,3,6,1,2,3,843,Y,5,205000
1455,FV,62.0,7500,Reg,Somerst,Norm,1Fam,1Story,1221,PConc,Y,1221,2,6,0,3,2,400,Y,5,185000
41,RL,84.0,8658,Reg,NAmes,Norm,1Fam,1Story,1088,CBlock,Y,1324,3,6,1,2,2,440,N,41,160000
960,FV,24.0,2572,Reg,Somerst,Norm,Twnhs,2Story,696,PConc,Y,1416,3,6,0,4,2,484,N,11,155000
76,RM,21.0,1596,Reg,MeadowV,Norm,Twnhs,SLvl,462,CBlock,Y,988,2,5,0,2,1,297,N,36,91000
1390,RM,60.0,6000,Reg,BrkSide,Norm,1Fam,1.5Fin,735,BrkTil,Y,1218,3,6,1,2,2,440,Y,66,131000
1255,RL,60.0,6931,Reg,Edwards,Norm,1Fam,2Story,746,PConc,Y,1656,3,7,1,3,2,397,Y,5,165400
690,RL,61.0,7577,IR1,NridgHt,Norm,TwnhsE,1Story,1362,PConc,Y,1362,2,6,1,2,2,460,Y,2,194700
649,RL,70.0,7700,Reg,NAmes,PosN,1Fam,2Story,756,CBlock,Y,1839,4,7,1,2,2,442,N,44,155000
248,RL,75.0,11310,Reg,NAmes,Norm,1Fam,1Story,1367,CBlock,Y,1375,2,5,1,1,2,451,N,52,140000
1309,RM,100.0,12000,Reg,OldTown,Norm,1Fam,1Story,924,CBlock,Y,1122,2,6,0,2,2,528,Y,60,147000
1165,RL,0.0,16157,IR1,Veenker,Feedr,1Fam,SLvl,1360,PConc,Y,1432,2,5,1,3,2,588,N,29,194000
709,RL,65.0,9018,IR1,Gilbert,Norm,1Fam,2Story,728,PConc,Y,1456,3,8,1,3,2,400,N,0,179540
187,RL,0.0,9947,IR1,Mitchel,Norm,1Fam,SLvl,1188,PConc,Y,1217,3,6,0,3,2,497,Y,19,173000
157,RL,60.0,7200,Reg,NAmes,Norm,1Fam,1Story,0,CBlock,Y,1040,2,5,0,1,2,625,N,56,109500
915,FV,30.0,3000,Reg,Somerst,Norm,TwnhsE,2Story,612,PConc,Y,1224,2,4,0,3,2,528,N,0,173733
9,RM,51.0,6120,Reg,OldTown,Artery,1Fam,1.5Fin,952,BrkTil,Y,1774,2,8,2,2,2,468,Y,77,129900
391,RL,50.0,8405,Reg,Edwards,Norm,1Fam,1.5Fin,861,BrkTil,Y,1367,4,7,0,2,1,384,Y,100,119000
1334,RM,60.0,7200,Reg,IDOTRR,Norm,1Fam,1.5Fin,803,CBlock,Y,1360,2,6,0,2,1,297,Y,68,125500
1442,RM,0.0,4426,Reg,CollgCr,Norm,TwnhsE,1Story,848,PConc,Y,848,1,3,1,2,2,420,N,4,149300
620,RL,85.0,12244,Reg,Timber,Norm,1Fam,2Story,1482,PConc,Y,2262,4,10,2,4,3,749,N,5,305000
772,RL,67.0,8877,Reg,Edwards,Norm,1Fam,1Story,836,CBlock,Y,1220,2,6,0,1,2,396,N,55,102000
466,RM,0.0,3072,Reg,Blmngtn,Norm,TwnhsE,1Story,1375,PConc,Y,1414,2,6,1,2,2,398,N,2,178740
1249,RM,60.0,9600,Reg,OldTown,Norm,1Fam,2.5Unf,735,BrkTil,N,2058,3,8,1,2,2,396,Y,91,129500
432,RM,60.0,5586,IR1,OldTown,Feedr,1Fam,1.5Fin,901,BrkTil,Y,1198,4,7,0,1,0,0,Y,88,79900
1289,RL,40.0,5664,IR1,StoneBr,Norm,TwnhsE,1Story,1501,PConc,Y,1659,2,5,1,3,2,499,N,9,278000
1121,RM,59.0,8263,Reg,IDOTRR,Norm,1Fam,1Story,1012,BrkTil,Y,1012,2,6,1,1,1,308,Y,87,118400
1032,RL,102.0,15863,Reg,SWISU,Norm,1Fam,2.5Fin,824,BrkTil,Y,3000,5,10,2,4,2,672,Y,89,197000
704,RM,76.0,7630,Reg,OldTown,Feedr,2fmCon,2Story,360,BrkTil,Y,1812,4,8,1,2,2,672,Y,100,140000
642,FV,0.0,7050,Reg,Somerst,Norm,1Fam,2Story,1057,PConc,Y,1929,3,7,1,4,2,650,N,6,226000
1332,RL,55.0,10780,IR1,CollgCr,Norm,1Fam,SLvl,911,CBlock,Y,954,3,6,0,1,2,576,N,30,132500
541,RL,85.0,14601,Reg,Timber,Norm,1Fam,1Story,1838,PConc,Y,1838,2,8,1,3,3,765,N,3,315000
1162,RL,0.0,14778,IR1,Crawfor,PosN,1Fam,1Story,1296,CBlock,Y,1640,3,7,1,2,2,924,Y,54,224000
864,RL,70.0,7931,Reg,NAmes,Norm,1Fam,1Story,1148,CBlock,Y,1148,3,6,0,2,1,672,N,50,132500
1102,RL,61.0,9758,IR1,NAmes,Norm,1Fam,1Story,950,CBlock,Y,950,3,5,0,1,1,280,N,36,119500
507,RL,80.0,9554,IR1,SawyerW,Norm,1Fam,2Story,777,PConc,Y,1911,3,8,1,3,2,471,Y,13,215000
547,RL,70.0,8737,IR1,BrkSide,Norm,1Fam,1.5Fin,1065,BrkTil,Y,1635,3,6,1,2,2,440,Y,84,210000
1052,RL,103.0,11175,IR1,CollgCr,Norm,1Fam,1Story,1316,PConc,Y,1316,3,6,1,2,2,440,N,0,200141
998,RL,0.0,11717,IR1,NWAmes,PosA,1Fam,1Story,1442,CBlock,Y,1442,2,6,1,2,2,615,N,39,185000
1358,RL,0.0,12537,IR1,NAmes,Norm,1Fam,1Story,1078,CBlock,Y,1078,3,6,1,3,2,500,Y,39,149900
868,RL,85.0,6970,Reg,Sawyer,Feedr,1Fam,1Story,1040,CBlock,Y,1120,3,5,0,3,2,544,N,46,129000
1117,RL,0.0,7750,Reg,Gilbert,Norm,1Fam,SLvl,408,PConc,Y,1419,3,7,1,4,2,527,N,7,184100
426,RM,60.0,3378,Reg,OldTown,Norm,1Fam,2Story,651,CBlock,Y,1389,3,6,2,2,1,240,Y,63,135000
906,RL,80.0,9920,Reg,NAmes,Norm,1Fam,1Story,1056,CBlock,Y,1063,3,6,0,2,1,280,N,56,128000
482,RL,72.0,11846,IR1,NridgHt,Norm,1Fam,1Story,1792,PConc,Y,1792,2,6,1,3,3,874,Y,3,374000
484,RM,32.0,4500,Reg,Mitchel,Norm,Twnhs,1Story,1216,PConc,Y,1216,2,5,0,3,2,402,N,8,164000
1383,RM,60.0,7200,Reg,OldTown,Norm,1Fam,2Story,596,BrkTil,Y,1762,4,8,0,3,2,576,Y,86,157000
1129,RL,59.0,11796,IR1,Gilbert,Norm,1Fam,2Story,847,PConc,Y,1959,4,8,1,3,2,434,Y,3,215000
673,RL,0.0,11250,IR1,Veenker,Norm,1Fam,1Story,1208,CBlock,Y,1208,3,6,1,3,2,546,N,29,165000
1270,RL,78.0,11344,Reg,NAmes,Feedr,1Fam,1.5Fin,874,CBlock,Y,1524,3,7,0,2,1,315,N,49,144000
1386,RM,40.0,5436,Reg,IDOTRR,Norm,1Fam,1.5Fin,796,BrkTil,Y,1154,3,7,0,2,1,240,Y,88,125500
647,RL,60.0,7200,Reg,NAmes,Norm,1Fam,1Story,0,CBlock,Y,1048,3,7,0,1,2,420,N,58,98300
495,RM,50.0,5784,Reg,OldTown,Artery,1Fam,1Story,190,BrkTil,Y,886,2,4,0,1,1,273,Y,71,91300
570,RL,0.0,7032,IR1,NAmes,Norm,Duplex,SFoyer,943,CBlock,Y,943,2,4,2,2,2,600,N,27,135960
502,FV,75.0,9803,Reg,Somerst,Norm,1Fam,2Story,866,PConc,Y,1768,3,7,0,3,2,603,N,3,226700
1314,RL,108.0,14774,IR1,NoRidge,Norm,1Fam,2Story,1393,PConc,Y,2599,4,10,1,3,3,779,N,11,333168
774,RL,70.0,10150,Reg,NAmes,Feedr,1Fam,1Story,912,CBlock,Y,912,2,5,0,1,1,275,N,49,114500
260,RM,70.0,12702,Reg,OldTown,Norm,1Fam,1Story,0,PConc,Y,882,2,4,0,1,1,308,N,52,97000
1265,RH,34.0,4060,Reg,NAmes,Norm,TwnhsE,1Story,1405,PConc,Y,1337,2,5,0,3,2,511,Y,10,181000
1244,RL,107.0,13891,Reg,NridgHt,Norm,1Fam,1Story,2000,PConc,Y,2076,2,7,1,4,3,850,N,0,465000
760,RL,65.0,12257,IR1,NoRidge,Norm,1Fam,2Story,1318,PConc,Y,2531,4,9,1,3,3,752,N,12,290000
800,RL,60.0,7200,Reg,SWISU,Feedr,1Fam,1.5Fin,731,BrkTil,Y,1768,3,7,2,3,1,240,Y,70,175000
252,RM,44.0,4750,IR1,Crawfor,Norm,TwnhsE,1Story,1573,PConc,Y,1625,2,5,1,4,2,538,Y,1,235000
250,RL,0.0,30000,IR2,ClearCr,Norm,1Fam,1.5Fin,1444,CBlock,Y,2144,4,7,2,3,2,389,Y,49,277000
584,RM,75.0,13500,Reg,OldTown,Artery,1Fam,2.5Unf,1237,BrkTil,Y,2775,3,9,1,4,2,880,Y,100,325000
1246,RL,78.0,12090,Reg,NWAmes,Norm,1Fam,SLvl,585,CBlock,Y,1868,3,7,1,4,2,477,Y,23,178000
1391,RL,70.0,9100,Reg,CollgCr,Norm,1Fam,1Story,1525,PConc,Y,1525,3,6,0,3,2,541,N,6,235000
1376,RL,89.0,10991,IR1,Timber,Norm,1Fam,1Story,1571,PConc,Y,1571,3,7,1,2,3,722,N,0,239000
639,RL,67.0,8777,Reg,Edwards,Feedr,1Fam,1Story,796,CBlock,Y,796,2,4,0,1,0,0,Y,98,85000
1293,RM,60.0,6600,Reg,OldTown,Norm,1Fam,2Story,994,Stone,N,2372,4,10,0,2,1,432,Y,100,107500
1019,RL,0.0,10784,IR1,Gilbert,Norm,1Fam,SLvl,384,PConc,Y,1472,3,7,1,3,2,402,Y,16,160000
1214,RL,0.0,10246,IR1,Sawyer,Norm,1Fam,SLvl,648,CBlock,Y,960,1,3,0,2,1,364,Y,41,145000
1431,RL,60.0,21930,IR3,Gilbert,RRAn,1Fam,2Story,732,PConc,Y,1838,4,7,1,3,2,372,N,1,192140
811,RL,78.0,10140,Reg,NWAmes,Norm,1Fam,1Story,1040,CBlock,Y,1309,3,5,1,3,2,484,Y,32,181000
478,RL,105.0,13693,Reg,NridgHt,Norm,1Fam,2Story,2000,PConc,Y,2643,3,9,1,3,3,694,N,1,380000
875,RM,52.0,5720,Reg,OldTown,Artery,1Fam,1.5Fin,676,CBlock,Y,1131,3,5,0,2,1,200,Y,68,66500
506,RM,60.0,7596,Reg,OldTown,Artery,Duplex,2Story,960,CBlock,Y,1960,4,10,0,2,2,400,N,57,124500
1419,RL,71.0,9204,Reg,NAmes,Norm,1Fam,1Story,1144,CBlock,Y,1144,3,6,0,3,1,336,N,45,124000
635,RL,64.0,6979,Reg,OldTown,Norm,Duplex,SFoyer,1056,CBlock,Y,1056,1,4,0,2,2,576,N,30,144000
1338,RM,150.0,4118,IR1,OldTown,Feedr,1Fam,1Story,693,CBlock,N,693,2,4,0,1,0,0,Y,65,52500
753,RL,79.0,9236,IR1,CollgCr,Norm,1Fam,1Story,1479,PConc,Y,1494,3,6,0,3,2,576,N,9,217000
1406,RM,44.0,3842,IR1,Crawfor,Norm,TwnhsE,1Story,1594,PConc,Y,1646,2,5,1,4,2,482,Y,4,275000
195,RL,60.0,7180,IR1,CollgCr,Norm,1Fam,1Story,864,CBlock,Y,864,3,5,0,1,1,352,N,36,127000
241,FV,75.0,9000,Reg,Somerst,Norm,1Fam,1Story,1566,PConc,Y,1566,3,7,0,3,2,750,N,2,262500
1277,RL,0.0,12936,IR1,NWAmes,Norm,1Fam,2Story,723,CBlock,Y,1395,3,6,1,3,2,497,N,37,162000
730,RM,52.0,6240,Reg,IDOTRR,Norm,1Fam,1.5Fin,780,CBlock,Y,1208,2,5,0,1,2,539,Y,84,103000
1398,RM,51.0,6120,Reg,BrkSide,Norm,1Fam,2Story,939,BrkTil,Y,1513,4,8,0,2,1,180,Y,87,137500
1256,RM,52.0,6240,Reg,BrkSide,Norm,1Fam,1.5Fin,884,BrkTil,Y,1367,3,6,1,1,1,560,Y,76,127500
50,RL,66.0,7742,Reg,Sawyer,Norm,1Fam,1Story,955,CBlock,Y,955,3,6,0,2,1,386,N,41,127000
999,RM,60.0,9786,Reg,IDOTRR,Norm,1Fam,1Story,1007,BrkTil,N,1077,3,6,1,1,1,210,Y,84,91000
412,RL,100.0,30000,Reg,Gilbert,Norm,2fmCon,1Story,1056,CBlock,N,1056,3,5,0,2,2,572,N,51,145000
1247,FV,65.0,8125,Reg,Somerst,Norm,1Fam,2Story,756,PConc,Y,1553,3,6,0,3,2,615,Y,1,186500
777,RL,86.0,11210,IR1,CollgCr,Norm,1Fam,1Story,1614,PConc,Y,1614,3,7,0,2,3,865,Y,1,221500
582,RL,98.0,12704,Reg,NridgHt,Norm,1Fam,1Story,2000,PConc,Y,2042,3,8,1,3,3,1000,Y,1,253293
694,RL,60.0,5400,Reg,OldTown,Norm,1Fam,1Story,1073,BrkTil,Y,1073,2,4,0,1,1,326,Y,85,108480
78,RM,50.0,8635,Reg,BrkSide,Norm,1Fam,1.5Fin,672,CBlock,Y,1285,2,6,0,2,1,240,Y,60,127000
1382,RL,0.0,12925,IR1,NAmes,Norm,1Fam,1Story,1205,CBlock,Y,2117,4,7,2,3,2,550,N,38,237500
529,RL,58.0,9098,IR1,Edwards,Norm,1Fam,1Story,528,BrkTil,Y,605,2,5,0,2,0,0,Y,87,86000
45,RL,70.0,7945,Reg,NAmes,Norm,1Fam,1Story,1150,CBlock,Y,1150,3,6,0,2,1,300,N,47,141000
1196,RL,51.0,8029,IR1,Gilbert,Norm,1Fam,2Story,728,PConc,Y,1456,3,8,0,3,2,400,N,3,176000
981,RL,0.0,12122,IR1,NAmes,Norm,1Fam,SFoyer,944,CBlock,Y,999,3,6,0,2,2,588,Y,47,178400
994,RL,68.0,8846,Reg,CollgCr,Norm,1Fam,2Story,750,PConc,Y,1500,3,6,0,3,2,564,Y,1,173900
301,RL,90.0,15750,Reg,Crawfor,Norm,2fmCon,1Story,1165,CBlock,Y,1336,2,5,2,2,1,375,N,53,157000
1402,RL,62.0,7415,IR1,Gilbert,Norm,1Fam,2Story,839,PConc,Y,1593,3,8,1,4,2,398,N,4,193000
1059,RL,96.0,11308,IR1,NridgHt,Norm,1Fam,2Story,1104,PConc,Y,2184,3,10,1,4,3,836,N,1,335000
277,RL,129.0,9196,IR1,Mitchel,Norm,1Fam,1Story,1560,PConc,Y,1560,3,7,0,2,2,573,N,7,201000
468,RL,79.0,9480,Reg,NAmes,Artery,1Fam,2Story,728,CBlock,Y,1644,3,7,2,2,1,312,Y,65,146500
490,RM,21.0,1526,Reg,MeadowV,Norm,Twnhs,SFoyer,630,CBlock,Y,630,1,3,0,2,1,286,Y,39,86000
270,RL,0.0,7917,IR1,Edwards,Norm,1Fam,1Story,1143,CBlock,Y,1113,3,6,1,3,1,504,N,31,148000
409,RL,109.0,14154,Reg,NridgHt,Norm,1Fam,2Story,1063,PConc,Y,2172,3,9,1,3,3,947,N,1,280000
1449,RL,70.0,11767,Reg,Edwards,Norm,1Fam,2Story,560,CBlock,N,1346,2,6,0,2,1,384,Y,97,112000
876,FV,75.0,9000,Reg,Somerst,Norm,1Fam,2Story,1184,PConc,Y,2610,4,10,1,3,2,550,N,0,303477
1375,FV,85.0,10625,Reg,Somerst,Norm,1Fam,2Story,1026,PConc,Y,1958,3,9,1,3,3,936,N,3,250000
284,RL,74.0,9612,Reg,Somerst,Feedr,1Fam,1Story,1468,PConc,Y,1468,3,6,1,2,3,898,Y,1,244600
985,RL,75.0,10125,Reg,Mitchel,Norm,Duplex,1.5Fin,0,CBlock,Y,1734,4,8,0,2,2,539,N,32,126000
840,RL,70.0,11767,Reg,Edwards,Norm,1Fam,1.5Fin,768,CBlock,Y,1200,3,6,0,1,1,240,Y,62,130500
400,FV,65.0,8125,Reg,Somerst,Norm,1Fam,2Story,1092,PConc,Y,1550,2,7,0,3,2,438,Y,3,241000
884,RL,60.0,6204,Reg,SWISU,Norm,1Fam,2.5Fin,795,PConc,N,2230,5,10,0,2,1,440,Y,94,118500
407,RL,51.0,10480,Reg,SWISU,Norm,1Fam,1.5Fin,1064,BrkTil,Y,1639,3,6,0,1,1,240,Y,72,115000
513,RL,70.0,9100,Reg,NAmes,Feedr,1Fam,1Story,864,CBlock,Y,864,3,5,0,2,2,624,N,48,129900
339,RL,91.0,14145,Reg,NWAmes,Norm,1Fam,1Story,1208,CBlock,Y,1621,3,8,0,3,2,440,Y,22,202500
364,RM,21.0,1680,Reg,BrDale,Norm,Twnhs,2Story,483,CBlock,Y,987,2,5,0,2,1,264,Y,37,118000
693,RL,42.0,26178,IR1,Timber,Norm,1Fam,2Story,1210,PConc,Y,2519,4,9,2,4,2,628,Y,17,335000
1335,RM,24.0,2368,Reg,BrDale,Norm,TwnhsE,2Story,765,CBlock,Y,1365,3,7,0,2,2,440,N,39,125000
984,RL,0.0,11250,Reg,CollgCr,Norm,1Fam,2Story,1128,PConc,Y,2290,4,9,1,3,2,779,N,6,255900
321,RL,111.0,16259,Reg,NridgHt,Norm,1Fam,2Story,1249,PConc,Y,2596,4,9,0,4,3,840,N,0,342643
428,RL,77.0,8593,IR1,NAmes,Norm,1Fam,1Story,907,CBlock,Y,907,3,5,0,1,1,352,N,51,109008
196,RL,24.0,2280,Reg,NPkVill,Norm,Twnhs,2Story,855,CBlock,Y,1456,3,7,1,3,2,440,N,33,148500
1232,RL,70.0,7728,Reg,NAmes,Norm,Duplex,SLvl,1106,CBlock,Y,1190,3,6,0,2,2,540,N,44,132500
901,RL,0.0,7340,IR1,NAmes,Norm,1Fam,1Story,858,CBlock,Y,858,2,4,0,1,1,684,N,36,110000
71,RL,95.0,13651,IR1,NAmes,Norm,1Fam,1Story,2000,CBlock,Y,2223,3,8,2,3,2,516,N,34,244000
1126,RL,60.0,10434,Reg,NAmes,Norm,1Fam,1Story,1005,CBlock,Y,1005,2,5,1,1,2,672,N,54,115000
795,RL,0.0,10832,IR1,Gilbert,Norm,1Fam,2Story,712,PConc,Y,1895,3,7,1,3,2,409,Y,14,194500
11,RL,70.0,11200,Reg,Sawyer,Norm,1Fam,1Story,1040,CBlock,Y,1040,3,5,0,2,1,384,N,43,129500
1027,RL,73.0,9300,Reg,NAmes,Feedr,1Fam,1Story,1268,CBlock,Y,1264,3,6,2,2,2,461,N,50,167500
687,FV,84.0,10207,Reg,Somerst,Norm,1Fam,2Story,874,PConc,Y,1761,3,7,0,3,2,578,N,0,227875
1248,RL,0.0,12328,IR1,Mitchel,Norm,1Fam,SLvl,1012,CBlock,Y,1034,3,6,0,2,3,888,N,34,169900
272,RL,73.0,30000,IR1,ClearCr,Norm,1Fam,1Story,1385,CBlock,Y,1363,2,5,2,2,2,439,Y,54,241500
446,RL,73.0,9855,Reg,Edwards,Norm,1Fam,1Story,1436,CBlock,Y,1689,3,7,1,1,2,480,N,53,127500
655,RL,91.0,10437,IR1,NoRidge,Norm,1Fam,1Story,2000,PConc,Y,2113,2,7,1,4,3,839,N,13,350000
1281,RL,67.0,9808,IR1,CollgCr,Norm,1Fam,1Story,1573,PConc,Y,1573,3,6,0,3,2,544,N,7,227000
899,RL,100.0,12919,IR1,NridgHt,Norm,1Fam,1Story,2000,PConc,Y,2364,2,10,2,4,3,820,Y,1,611657
65,RL,0.0,9375,Reg,CollgCr,Norm,1Fam,2Story,1057,PConc,Y,2034,3,8,0,4,2,645,Y,12,219500
683,RL,0.0,2887,Reg,ClearCr,Norm,1Fam,1Story,1291,PConc,Y,1291,2,6,1,2,2,431,Y,12,173000
961,RL,50.0,7207,IR1,BrkSide,Norm,1Fam,1Story,858,CBlock,Y,858,2,4,0,2,0,0,Y,52,116500
1385,RL,60.0,9060,Reg,Edwards,Norm,1Fam,1.5Fin,560,BrkTil,Y,1258,2,6,0,1,1,280,Y,70,105000
1101,RL,60.0,8400,Reg,SWISU,Norm,1Fam,1Story,290,CBlock,N,438,1,3,0,1,1,246,Y,89,60000
417,RL,74.0,7844,Reg,Sawyer,Norm,1Fam,2Story,672,CBlock,Y,1400,3,6,1,2,2,440,N,28,149500
1035,RL,50.0,6305,Reg,Crawfor,Norm,1Fam,1Story,920,PConc,Y,954,2,5,1,1,1,240,Y,69,119750
854,RL,0.0,12095,IR1,NAmes,Norm,1Fam,SLvl,1127,CBlock,Y,1445,3,7,1,2,2,645,N,45,158000
473,RM,35.0,3675,Reg,Edwards,Norm,TwnhsE,SLvl,547,PConc,Y,1072,2,5,0,2,2,525,N,3,148000
1012,RL,75.0,9825,Reg,Edwards,Norm,Duplex,1Story,0,CBlock,N,1664,4,8,0,2,0,0,N,45,100000
329,RL,0.0,11888,IR1,BrkSide,PosN,1Fam,2.5Unf,844,BrkTil,N,2134,5,10,0,2,2,441,Y,93,214500
609,RL,78.0,12168,Reg,Crawfor,Norm,1Fam,2Story,965,PConc,Y,3000,4,10,2,3,2,380,Y,73,359100
1284,RL,94.0,9400,Reg,Mitchel,Norm,Duplex,2Story,912,CBlock,Y,1824,4,8,0,4,0,0,N,39,139000
453,RL,0.0,9303,IR1,Timber,Norm,1Fam,2Story,872,PConc,Y,1756,3,7,0,4,2,422,Y,11,204000
1228,RL,72.0,8872,Reg,NAmes,Norm,1Fam,1Story,912,CBlock,Y,912,2,5,0,2,2,576,Y,43,147000
531,RL,85.0,10200,Reg,Timber,Norm,1Fam,SLvl,1461,CBlock,Y,1509,3,5,1,3,2,600,Y,20,175000
1400,RL,51.0,6171,Reg,SWISU,Norm,1Fam,1.5Fin,976,BrkTil,Y,1608,3,7,1,3,1,216,Y,84,137450
923,RL,65.0,10237,Reg,Gilbert,RRAn,1Fam,1Story,1316,PConc,Y,1316,3,6,1,2,2,397,Y,1,169990
913,RM,51.0,6120,Reg,BrkSide,Norm,1Fam,1Story,768,BrkTil,N,1015,3,6,0,1,1,450,Y,81,88000
419,RL,60.0,8160,Reg,Edwards,Norm,1Fam,1.5Fin,756,BrkTil,N,1134,3,7,0,3,1,240,Y,67,126000
907,RL,116.0,13501,IR1,Somerst,Norm,1Fam,1Story,1623,PConc,Y,1636,3,8,1,3,3,865,N,1,255000
752,RL,0.0,7750,Reg,Gilbert,RRAn,1Fam,2Story,660,PConc,Y,1320,3,6,0,3,2,400,N,4,162000
829,RL,0.0,28698,IR2,ClearCr,Norm,1Fam,2Story,1013,PConc,Y,2126,3,7,0,4,2,538,N,42,185000
1297,RL,80.0,8700,Reg,NAmes,Norm,1Fam,1Story,1120,CBlock,Y,1128,3,6,0,3,2,525,N,45,155000
902,RL,64.0,8712,IR1,NAmes,Norm,1Fam,1Story,992,CBlock,Y,1306,2,5,0,2,1,756,Y,52,153000
1039,RM,21.0,1533,Reg,MeadowV,Norm,Twnhs,2Story,546,CBlock,Y,1344,3,6,1,2,0,0,Y,39,97000
717,RM,60.0,10800,Reg,OldTown,Norm,1Fam,2Story,718,BrkTil,Y,2554,3,8,0,2,2,704,Y,100,159500
1070,RL,60.0,9600,Reg,NAmes,Norm,1Fam,1.5Unf,845,CBlock,Y,893,2,4,0,2,2,576,Y,58,135000
1227,RL,86.0,14598,IR1,Somerst,Feedr,1Fam,2Story,894,PConc,Y,1933,4,9,1,3,3,668,N,1,214000
501,RM,21.0,1890,Reg,BrDale,Norm,Twnhs,2Story,672,CBlock,Y,1218,3,7,0,2,1,264,N,34,113000
472,RL,92.0,11952,Reg,NWAmes,PosA,1Fam,2Story,808,CBlock,Y,1969,3,8,1,3,2,534,N,30,190000
1448,RL,80.0,10000,Reg,CollgCr,Norm,1Fam,2Story,1220,PConc,Y,2090,3,8,1,4,2,556,Y,12,240000
488,RL,70.0,12243,IR1,NWAmes,Norm,1Fam,1Story,1484,CBlock,Y,1484,3,7,1,2,2,487,N,36,175000
1337,RL,87.0,9246,IR1,NWAmes,Feedr,Duplex,1Story,1656,CBlock,Y,1656,4,8,0,2,2,506,N,35,135000
1178,RM,0.0,3950,Reg,OldTown,Artery,1Fam,1.5Fin,818,CBlock,Y,1224,3,5,0,1,1,210,Y,83,115000
132,RL,0.0,12224,IR1,Gilbert,Norm,1Fam,2Story,992,PConc,Y,2054,3,7,1,4,2,390,N,9,244000
16,RM,51.0,6120,Reg,BrkSide,Norm,1Fam,1.5Unf,832,BrkTil,Y,854,2,5,0,1,2,576,Y,78,132000
1087,RM,0.0,1974,Reg,MeadowV,Norm,TwnhsE,2Story,546,CBlock,Y,1092,3,6,0,2,1,286,N,37,83500
912,RL,0.0,9286,IR1,CollgCr,Norm,1Fam,1Story,1268,CBlock,Y,1268,3,5,0,2,1,252,Y,32,143500
436,RL,43.0,10667,IR2,CollgCr,PosN,1Fam,2Story,799,PConc,Y,1661,3,6,1,4,2,550,N,13,212000
1370,RL,48.0,10635,IR2,CollgCr,Norm,1Fam,1Story,1657,PConc,Y,1668,3,8,1,3,2,502,N,7,232000
477,RL,75.0,13125,Reg,CollgCr,Norm,1Fam,1Story,1478,PConc,Y,1493,3,7,1,3,2,508,Y,11,208900
1151,RL,57.0,8280,IR1,NAmes,Norm,1Fam,1Story,932,CBlock,Y,932,2,4,1,1,1,306,N,57,124000
467,RL,85.0,10628,Reg,NAmes,Norm,1Fam,1Story,1277,CBlock,Y,1277,2,5,1,2,2,526,N,37,167000
1128,RL,150.0,14572,IR3,Gilbert,Norm,1Fam,1Story,1530,PConc,Y,1530,3,7,1,3,3,630,N,3,259000
1425,RL,0.0,9503,Reg,NAmes,Norm,1Fam,1Story,1024,CBlock,Y,1344,2,6,1,2,1,484,Y,49,144000
588,RL,74.0,8740,IR1,Sawyer,Norm,1Fam,SFoyer,840,CBlock,Y,860,2,4,0,2,2,528,N,27,137000
1158,RL,34.0,5001,IR1,NridgHt,Norm,Twnhs,1Story,1314,PConc,Y,1314,2,6,1,3,2,626,Y,2,230000
939,RL,73.0,8760,Reg,CollgCr,Norm,1Fam,2Story,1391,PConc,Y,1962,3,7,0,3,3,868,N,0,239799
1225,RL,60.0,15384,IR1,Gilbert,RRAn,1Fam,2Story,788,PConc,Y,1490,3,8,1,4,2,388,Y,4,184000
722,RM,0.0,4426,Reg,CollgCr,Norm,TwnhsE,1Story,848,PConc,Y,848,1,3,0,2,2,420,N,6,143000
403,RL,60.0,10200,Reg,Sawyer,Norm,1Fam,1Story,672,PConc,Y,672,2,4,0,1,1,240,Y,68,108000
1458,RL,66.0,9042,Reg,Crawfor,Norm,1Fam,2Story,1152,Stone,Y,2340,4,9,2,2,1,252,Y,69,266500
188,RL,60.0,10410,Reg,OldTown,Norm,1Fam,1.5Fin,660,CBlock,Y,1656,3,8,0,3,1,180,Y,93,135000
192,RL,0.0,7472,IR1,NAmes,Norm,1Fam,2Story,725,CBlock,Y,1479,4,7,0,3,2,484,Y,35,184000
104,RL,94.0,10402,IR1,CollgCr,Norm,1Fam,1Story,1226,PConc,Y,1226,3,6,0,2,3,740,N,1,198900
790,RL,0.0,12205,IR1,ClearCr,Norm,1Fam,2Story,832,CBlock,Y,2087,5,9,0,3,2,444,Y,41,187500
61,RL,63.0,13072,Reg,SawyerW,RRAe,1Fam,1Story,1158,PConc,Y,1158,3,5,0,3,2,576,N,2,158000
1065,RL,0.0,11000,IR1,NAmes,Norm,1Fam,1Story,1154,CBlock,Y,1154,3,6,1,2,2,480,N,43,154000
537,RL,57.0,8924,IR1,CollgCr,Norm,1Fam,2Story,880,PConc,Y,1724,3,8,0,3,2,527,Y,10,188000
1111,RL,0.0,8000,Reg,Gilbert,Norm,1Fam,2Story,773,PConc,Y,1658,3,8,1,4,2,431,Y,13,188000
554,RL,67.0,8777,Reg,Edwards,Feedr,1Fam,1Story,0,CBlock,Y,1126,2,5,0,2,2,520,Y,60,108000
888,RL,59.0,16466,IR1,Edwards,Norm,1Fam,1.5Fin,816,PConc,Y,1393,3,8,0,2,1,300,N,53,135500
1269,RL,0.0,14100,IR1,Crawfor,Norm,1Fam,1.5Fin,728,CBlock,Y,3000,4,10,2,4,3,1000,Y,73,381000
1379,RM,21.0,1953,Reg,BrDale,Norm,Twnhs,2Story,483,CBlock,Y,987,2,5,0,2,1,264,N,33,83000
166,RL,62.0,10106,Reg,Edwards,Norm,2fmCon,1.5Fin,644,BrkTil,Y,1355,4,6,0,3,0,0,Y,68,127500
935,RL,150.0,27650,IR2,NAmes,PosA,1Fam,1Story,585,CBlock,Y,2069,4,9,1,3,2,505,Y,48,242000
759,FV,24.0,2280,Reg,Somerst,Norm,Twnhs,2Story,744,PConc,Y,1501,3,6,0,3,2,440,N,9,179400
474,RL,110.0,14977,IR1,NridgHt,Norm,1Fam,1Story,1976,PConc,Y,1976,2,7,1,3,3,908,Y,1,440000
83,RL,78.0,10206,Reg,Somerst,Norm,1Fam,1Story,1563,PConc,Y,1563,3,6,1,2,3,758,N,1,245000
1149,RM,0.0,5700,Reg,OldTown,Norm,1Fam,1.5Fin,572,PConc,Y,1111,2,5,1,1,1,288,Y,82,116900
658,RL,60.0,7200,Reg,Crawfor,Norm,1Fam,2Story,776,BrkTil,Y,1502,3,6,1,2,1,270,Y,77,149000
1046,RL,0.0,13680,IR1,Edwards,Norm,1Fam,1Story,0,Slab,Y,1733,4,8,1,2,2,452,N,54,139600
350,RL,56.0,20431,IR2,NridgHt,Norm,1Fam,2Story,1848,PConc,Y,2728,4,10,2,4,3,706,Y,1,437154
1292,RM,21.0,1680,Reg,BrDale,Norm,Twnhs,2Story,630,CBlock,Y,1302,3,6,0,3,1,264,N,37,119500
1271,RL,0.0,23595,Reg,ClearCr,Norm,1Fam,1Story,1332,PConc,Y,1524,1,4,1,3,2,586,N,31,260000
372,RL,80.0,17120,Reg,ClearCr,Feedr,1Fam,1.5Fin,0,CBlock,Y,1588,4,7,1,2,2,680,N,49,134432
118,RL,74.0,8536,Reg,Edwards,Norm,1Fam,1Story,1125,PConc,Y,1125,2,5,0,2,2,430,Y,1,155000
832,FV,30.0,3180,Reg,Somerst,Norm,TwnhsE,2Story,600,PConc,Y,1200,2,4,0,3,2,480,N,1,151000
253,RL,65.0,8366,IR1,SawyerW,Norm,1Fam,2Story,798,PConc,Y,1640,3,6,0,3,2,520,N,4,173000
1427,RL,81.0,10944,IR1,NoRidge,Norm,1Fam,2Story,1223,PConc,Y,2127,3,5,2,4,2,525,N,14,271000
312,RL,50.0,8000,Reg,NAmes,Norm,1Fam,1Story,972,CBlock,Y,972,2,5,1,2,1,240,Y,61,132000
1134,RL,80.0,9828,IR1,SawyerW,Norm,1Fam,2Story,1128,PConc,Y,2020,3,8,1,3,2,466,N,14,239500
396,RL,68.0,9571,Reg,Edwards,Norm,1Fam,1Story,1144,CBlock,Y,1144,3,6,0,2,1,596,N,54,129000
359,RL,92.0,6930,IR1,ClearCr,Norm,1Fam,SLvl,1062,CBlock,Y,1352,3,6,0,2,1,288,N,48,130000
264,RM,50.0,5500,Reg,OldTown,Norm,1Fam,1.5Fin,926,BrkTil,Y,1316,3,6,0,2,2,484,Y,81,130000
360,RL,78.0,12011,IR1,NoRidge,Norm,1Fam,2Story,1086,PConc,Y,1924,3,7,1,4,2,592,N,8,280000
986,RL,68.0,10880,Reg,Edwards,Norm,2fmCon,1Story,1164,CBlock,N,1164,3,5,0,2,1,240,N,58,125000
1141,RL,60.0,7350,Reg,NAmes,Norm,1Fam,1Story,952,CBlock,Y,952,2,4,0,2,2,840,N,57,139000
1350,RM,50.0,5250,Reg,OldTown,Norm,1Fam,2Story,684,BrkTil,N,2358,4,8,0,2,0,0,Y,100,122000
727,RL,0.0,21695,IR1,Crawfor,Norm,1Fam,1Story,880,CBlock,Y,1680,3,5,1,3,2,540,Y,21,222000
1394,RM,60.0,10800,Reg,OldTown,Norm,2fmCon,1.5Fin,482,BrkTil,N,1912,3,7,1,2,2,672,Y,100,163000
17,RL,0.0,11241,IR1,NAmes,Norm,1Fam,1Story,1004,CBlock,Y,1004,2,5,1,2,2,480,N,40,149000
996,RL,51.0,4712,IR1,BrkSide,Feedr,1Fam,1.5Fin,747,CBlock,Y,1230,3,5,0,3,1,305,Y,60,121600
1140,RL,98.0,8731,IR1,BrkSide,Norm,1Fam,1Story,915,BrkTil,Y,1167,3,6,1,1,2,495,Y,87,144000
762,RM,60.0,6911,Reg,BrkSide,Feedr,1Fam,1Story,1145,PConc,Y,1301,2,5,0,1,2,440,Y,85,100000
352,RL,0.0,5271,IR1,ClearCr,Norm,1Fam,1Story,1453,PConc,Y,1453,2,6,1,3,2,445,N,20,190000
540,RL,0.0,11423,Reg,CollgCr,Norm,1Fam,1Story,1581,PConc,Y,1601,3,6,1,3,2,670,Y,9,272000
1331,RL,85.0,10000,Reg,Somerst,Norm,1Fam,1Story,1588,PConc,Y,1588,3,7,1,2,3,825,N,1,227000
970,RL,75.0,10382,Reg,NAmes,Norm,2fmCon,SLvl,588,CBlock,Y,1095,2,6,0,2,1,264,N,48,140000
997,RL,0.0,10659,IR1,NAmes,Norm,1Fam,1Story,1050,CBlock,Y,1050,3,6,0,2,1,368,N,45,136500
98,RL,73.0,10921,Reg,Edwards,Norm,1Fam,1Story,960,CBlock,Y,960,3,6,0,2,1,432,N,42,94750
1073,RL,50.0,7585,Reg,Edwards,Artery,1Fam,1.5Fin,810,CBlock,Y,1456,4,7,1,3,1,280,Y,58,91500
1272,RL,0.0,9156,IR1,NWAmes,PosN,1Fam,1Story,1489,CBlock,Y,1489,3,7,1,2,2,462,N,41,185750
197,RL,79.0,9416,Reg,Somerst,Norm,1Fam,1Story,1726,PConc,Y,1726,3,8,1,3,3,786,N,0,311872
184,RM,63.0,11426,Reg,OldTown,Norm,1Fam,1.5Fin,1362,PConc,Y,2082,3,6,0,3,2,484,N,5,200000
1282,RL,50.0,8049,IR1,Timber,Norm,1Fam,1Story,1309,CBlock,Y,1339,2,6,1,3,2,484,N,16,180000
1418,RL,0.0,16545,IR1,NoRidge,Norm,1Fam,2Story,1284,PConc,Y,2450,3,7,1,4,3,1000,N,11,340000
1197,RL,58.0,14054,IR1,Gilbert,Norm,1Fam,2Story,879,PConc,Y,1863,4,9,1,3,3,660,N,0,219210
1407,RL,70.0,8445,Reg,CollgCr,Norm,1Fam,SFoyer,768,CBlock,Y,768,2,5,0,2,2,396,Y,37,133000
534,RL,50.0,5000,Reg,BrkSide,Norm,1Fam,1Story,0,Slab,N,334,1,2,0,1,0,0,Y,61,39300
675,RL,80.0,9200,Reg,NAmes,Norm,1Fam,1Story,1136,CBlock,Y,1136,3,5,1,2,1,384,N,43,140000
82,RM,32.0,4500,Reg,Mitchel,Norm,TwnhsE,1Story,1237,PConc,Y,1337,2,5,0,3,2,405,N,8,153500
1221,RL,66.0,7800,IR1,NAmes,Norm,1Fam,1Story,912,CBlock,Y,912,2,5,0,1,1,288,N,42,115000
398,RL,69.0,7590,Reg,NAmes,PosN,1Fam,2Story,864,CBlock,Y,1812,4,8,1,2,1,264,N,45,169500
268,RL,60.0,8400,Reg,SWISU,Norm,1Fam,2.5Fin,720,PConc,Y,2192,4,8,1,3,1,240,Y,69,179500
387,RL,58.0,8410,Reg,Edwards,Feedr,1Fam,1.5Fin,658,PConc,Y,1184,5,8,0,1,0,0,Y,96,81000
1267,RM,60.0,10120,IR1,OldTown,Feedr,2fmCon,2.5Unf,925,CBlock,N,1889,4,9,1,2,1,308,Y,97,122000
133,RL,75.0,7388,Reg,NAmes,Norm,1Fam,1Story,1063,CBlock,Y,1327,3,7,0,2,2,624,Y,48,150750
266,RL,78.0,12090,IR1,NWAmes,Norm,1Fam,1Story,1422,CBlock,Y,1422,3,7,1,2,2,576,N,27,175500
944,RL,100.0,25000,Reg,Mitchel,Norm,Duplex,1Story,1632,CBlock,Y,1632,4,8,0,2,2,576,N,40,143000
1204,RL,75.0,9750,Reg,CollgCr,Norm,1Fam,1Story,1630,PConc,Y,1630,3,6,1,2,2,451,Y,9,213000
89,C (all),105.0,8470,IR1,IDOTRR,Feedr,1Fam,1.5Fin,1013,CBlock,N,1526,2,6,0,1,0,0,Y,94,85000
1413,RL,60.0,7200,Reg,NAmes,Norm,Duplex,1Story,0,Slab,N,1040,2,6,0,2,2,420,Y,60,90000
566,RL,66.0,6858,Reg,SWISU,Norm,1Fam,2Story,806,PConc,N,1647,4,6,0,3,1,216,Y,95,128000
1131,RL,65.0,7804,Reg,SWISU,Norm,1Fam,1.5Fin,1122,BrkTil,Y,1981,4,7,2,3,2,576,Y,81,135000
295,RL,80.0,9600,Reg,NAmes,Norm,1Fam,1Story,1416,CBlock,Y,1644,3,7,2,2,2,418,N,56,167000
262,RL,69.0,9588,IR1,CollgCr,Norm,1Fam,2Story,1482,PConc,Y,2574,3,10,1,3,3,868,N,0,276000
1264,RL,60.0,13515,Reg,BrkSide,Norm,1Fam,2Story,764,PConc,Y,1824,3,8,1,1,2,520,Y,88,180500
630,RL,82.0,9020,Reg,NAmes,Feedr,1Fam,SLvl,1248,CBlock,Y,1350,3,6,0,3,2,520,N,44,168500
1432,RL,0.0,4928,IR1,NPkVill,Norm,TwnhsE,1Story,958,CBlock,Y,958,2,5,0,2,2,440,N,33,143750
1415,RL,64.0,13053,Reg,BrkSide,Norm,1Fam,1.5Fin,833,BrkTil,Y,1848,4,8,1,2,2,370,Y,85,207000
406,RL,0.0,9991,IR1,Sawyer,Feedr,1Fam,1Story,1281,CBlock,Y,1620,3,8,1,3,2,490,Y,33,150000
357,RL,0.0,9248,IR1,Gilbert,Norm,1Fam,1Story,1158,PConc,Y,1167,3,6,0,3,2,400,N,17,173000
240,RL,52.0,8741,Reg,Edwards,Norm,1Fam,1.5Fin,735,CBlock,Y,1487,3,7,1,2,1,220,Y,65,113000
885,RL,65.0,7150,Reg,NAmes,Norm,1Fam,1Story,892,CBlock,Y,892,3,5,0,1,1,288,N,42,100000
1429,RM,60.0,7200,Reg,OldTown,Norm,1Fam,1Story,788,CBlock,Y,804,2,4,2,2,1,240,Y,70,119000
1454,RL,90.0,17217,Reg,Mitchel,Norm,1Fam,1Story,1140,PConc,Y,1140,3,6,0,1,0,0,N,0,84500
896,RL,71.0,7056,Reg,NAmes,Norm,1Fam,2Story,780,CBlock,Y,1796,4,8,1,3,2,483,N,45,140000
989,RL,0.0,12046,IR1,NWAmes,Norm,1Fam,2Story,848,CBlock,Y,2030,4,8,1,3,2,551,N,31,195000
1443,FV,85.0,11003,Reg,Somerst,Norm,1Fam,2Story,1017,PConc,Y,2007,3,10,1,4,3,812,N,1,310000
1002,RL,60.0,5400,Reg,OldTown,Norm,1Fam,1Story,691,BrkTil,Y,691,2,4,0,1,1,216,Y,87,86000
454,FV,75.0,9000,Reg,Somerst,Norm,1Fam,2Story,768,PConc,Y,1590,3,6,0,3,2,676,N,1,210000
111,RL,75.0,9525,Reg,Edwards,Norm,1Fam,1.5Fin,994,CBlock,Y,1855,4,7,0,2,1,325,Y,52,136900
1190,RL,60.0,7500,Reg,Gilbert,Norm,1Fam,2Story,994,PConc,Y,1804,3,7,1,3,2,442,N,11,189000
1241,RL,65.0,8158,Reg,CollgCr,Norm,1Fam,2Story,884,PConc,Y,1768,3,8,0,4,2,543,N,5,224900
1170,RL,118.0,30000,IR1,NoRidge,Norm,1Fam,2Story,1930,PConc,Y,3000,4,10,1,4,3,807,Y,11,625000
1147,RL,0.0,11200,Reg,SawyerW,Norm,1Fam,1Story,1298,CBlock,Y,1298,3,5,1,3,2,403,N,21,180000
504,RL,100.0,15602,IR1,Crawfor,Norm,1Fam,1Story,1501,CBlock,Y,1801,1,6,2,3,2,484,Y,51,289000
1450,RM,21.0,1533,Reg,MeadowV,Norm,Twnhs,SFoyer,630,CBlock,Y,630,1,3,0,2,0,0,N,36,92000
1064,RM,50.0,6000,Reg,OldTown,Artery,1Fam,1Story,1103,BrkTil,Y,1103,2,5,1,1,2,440,Y,81,110500
712,C (all),66.0,8712,Reg,IDOTRR,Norm,1Fam,1.5Fin,859,Stone,Y,1178,2,7,0,1,1,384,Y,100,102776
802,RM,40.0,4800,Reg,IDOTRR,Norm,1Fam,1Story,1196,CBlock,Y,1196,2,5,0,2,2,440,Y,91,109900
865,FV,72.0,8640,Reg,Somerst,Norm,1Fam,1Story,1372,PConc,Y,1372,3,6,0,2,2,529,Y,1,250580
368,RL,101.0,9150,IR1,NAmes,Norm,1Fam,SLvl,1099,CBlock,Y,1431,3,6,1,2,1,296,N,46,165000
1445,RL,63.0,8500,Reg,CollgCr,Norm,1Fam,1Story,1422,PConc,Y,1422,3,7,0,2,2,626,N,3,179600
385,RL,0.0,30000,IR2,ClearCr,Feedr,1Fam,2Story,1580,PConc,Y,1953,3,9,2,4,2,501,N,15,240000
201,RM,80.0,8546,Reg,Edwards,Norm,1Fam,1Story,1121,PConc,Y,1121,2,5,0,2,2,440,Y,7,140000
66,RL,76.0,9591,Reg,NridgHt,Norm,1Fam,2Story,1143,PConc,Y,2473,4,9,1,3,3,852,Y,3,317000
958,RL,70.0,7420,Reg,Sawyer,Norm,1Fam,1Story,1057,CBlock,Y,1057,3,6,0,1,2,576,N,45,132000
784,RL,0.0,9101,IR1,Mitchel,Norm,1Fam,SFoyer,1097,PConc,Y,1110,1,4,1,2,2,602,N,31,165500
273,RL,92.0,11764,IR1,NoRidge,Norm,1Fam,2Story,1152,PConc,Y,2270,4,9,1,3,3,671,Y,11,290000
1268,RL,89.0,13214,IR1,Timber,Norm,1Fam,1Story,2000,PConc,Y,2018,3,10,1,2,3,746,Y,2,378500
758,RL,0.0,11616,IR1,Sawyer,Norm,1Fam,2Story,672,CBlock,Y,1386,3,6,1,3,2,440,N,32,158900
1088,FV,85.0,10574,Reg,Somerst,Norm,1Fam,2Story,1082,PConc,Y,1953,3,9,1,3,3,1000,Y,4,252000
745,RL,41.0,5395,IR1,StoneBr,Norm,TwnhsE,1Story,1337,PConc,Y,1337,2,5,1,3,2,462,N,15,180000
542,RL,0.0,11000,Reg,NoRidge,Norm,1Fam,2Story,969,PConc,Y,2285,4,8,1,3,3,648,N,7,248000
479,RL,79.0,10637,Reg,CollgCr,Norm,1Fam,1Story,1705,PConc,Y,1718,3,7,1,3,3,826,Y,2,297000
809,RL,85.0,13400,Reg,NAmes,Norm,1Fam,SLvl,1024,CBlock,Y,1086,3,6,1,2,2,484,N,40,159950
1127,RL,53.0,3684,Reg,Blmngtn,Norm,TwnhsE,1Story,1373,PConc,Y,1555,2,7,1,2,3,660,N,2,174000
1311,RL,100.0,17500,Reg,Crawfor,PosA,1Fam,1Story,1902,PConc,Y,1902,3,7,2,3,2,567,Y,51,335000
1181,RL,0.0,11170,IR2,Timber,Norm,1Fam,2Story,1216,Wood,Y,2514,4,8,0,3,2,693,Y,16,250000
189,RL,64.0,7018,Reg,SawyerW,Feedr,Duplex,SFoyer,1086,CBlock,Y,1224,2,6,2,4,2,528,N,30,153337
1260,RL,65.0,9750,Reg,NAmes,Norm,1Fam,1Story,1054,CBlock,Y,1054,3,6,0,3,2,460,N,39,151000
982,RL,98.0,12203,IR1,NoRidge,Norm,1Fam,2Story,1225,PConc,Y,2612,4,8,1,4,3,676,Y,11,336000
905,RL,0.0,6173,IR1,Sawyer,Norm,1Fam,1Story,876,CBlock,Y,902,3,6,0,1,1,288,N,40,125500
317,RL,94.0,13005,IR1,NWAmes,Norm,1Fam,2Story,845,CBlock,Y,2353,4,10,1,4,2,484,N,29,260000
215,RL,0.0,10900,IR1,CollgCr,Norm,1Fam,2Story,689,CBlock,Y,1392,3,6,0,2,1,299,N,33,161750
879,RL,88.0,11782,IR1,Sawyer,Norm,1Fam,SFoyer,1109,CBlock,Y,1155,3,6,0,2,2,576,Y,49,148000
1399,RL,60.0,7200,Reg,NAmes,Norm,1Fam,1.5Fin,1208,CBlock,Y,1904,3,7,0,3,1,240,Y,59,138000
1401,RM,50.0,6000,Reg,BrkSide,Norm,1Fam,1.5Fin,862,BrkTil,Y,1158,3,5,1,1,1,208,Y,79,120000
532,RM,60.0,6155,IR1,BrkSide,RRNn,1Fam,2Story,611,BrkTil,Y,1362,3,6,0,2,2,502,Y,88,128000
256,RL,66.0,8738,IR1,Gilbert,Norm,1Fam,2Story,975,PConc,Y,2291,4,8,1,3,2,429,N,7,230000
31,C (all),50.0,8500,Reg,IDOTRR,Feedr,1Fam,2Story,649,BrkTil,N,1317,3,6,0,1,1,250,Y,88,40000
1116,RL,93.0,12085,Reg,NridgHt,Norm,1Fam,1Story,1734,PConc,Y,1734,3,7,1,3,3,928,N,0,318000
231,RL,73.0,8760,Reg,NAmes,Norm,1Fam,1Story,1194,CBlock,Y,1194,3,6,0,2,1,312,N,51,148000
845,RM,100.0,12665,IR1,OldTown,Artery,1Fam,1.5Fin,876,BrkTil,Y,1416,4,7,1,2,3,720,Y,93,153900
894,RL,0.0,13284,Reg,Sawyer,PosN,1Fam,1Story,1383,PConc,Y,1383,3,6,1,2,1,354,N,54,165000
914,RH,82.0,6270,Reg,Crawfor,Norm,Duplex,2Story,1001,CBlock,N,2002,4,8,0,2,3,871,Y,58,145000
794,RL,76.0,9158,Reg,Somerst,Norm,1Fam,1Story,1496,PConc,Y,1496,3,7,0,2,2,474,N,0,225000
1378,RL,60.0,10998,Reg,Edwards,Norm,1Fam,1.5Fin,984,CBlock,Y,1604,3,6,0,2,2,660,Y,68,117000
265,RM,30.0,5232,IR3,OldTown,Artery,1Fam,1Story,680,BrkTil,N,764,2,4,0,1,2,504,Y,83,73000
102,RL,77.0,9206,Reg,SawyerW,Norm,1Fam,2Story,741,CBlock,Y,1732,3,7,1,3,2,476,N,25,178000
14,RL,91.0,10652,IR1,CollgCr,Norm,1Fam,1Story,1494,PConc,Y,1494,3,7,1,2,3,840,Y,1,279500
1136,RM,60.0,6180,Reg,BrkSide,Norm,1Fam,1Story,960,BrkTil,N,986,2,5,1,1,1,180,Y,81,102000
791,RL,43.0,3182,Reg,Blmngtn,Norm,TwnhsE,1Story,1145,PConc,Y,1145,2,5,1,2,2,397,Y,4,160200
785,RM,35.0,6300,Reg,OldTown,Norm,1Fam,2.5Unf,742,CBlock,Y,1484,3,9,1,2,0,0,Y,94,128000
945,RL,0.0,14375,IR1,Timber,Norm,1Fam,SLvl,819,CBlock,Y,1344,3,7,1,2,2,525,N,51,137500
842,RM,60.0,10440,Reg,OldTown,Norm,1Fam,2Story,650,PConc,Y,1539,3,8,1,2,2,686,Y,100,157500
567,RL,77.0,11198,IR1,StoneBr,Norm,1Fam,2Story,1122,PConc,Y,2504,4,10,1,3,3,656,Y,3,325000
936,RL,52.0,5825,IR1,BrkSide,Norm,1Fam,1Story,600,PConc,Y,747,1,5,0,1,2,528,Y,80,79900
1373,RL,75.0,9750,Reg,CollgCr,Norm,1Fam,2Story,1108,PConc,Y,2097,3,8,1,4,2,583,N,8,274300
524,RL,130.0,30000,IR1,Edwards,PosN,1Fam,2Story,2000,PConc,Y,3000,3,10,1,4,3,884,Y,0,184750
1353,RM,50.0,6000,Reg,BrkSide,Norm,1Fam,1.5Fin,698,BrkTil,Y,1176,2,4,0,1,2,624,Y,72,134900
496,C (all),60.0,7879,Reg,IDOTRR,Norm,1Fam,1Story,720,CBlock,N,720,2,4,0,1,0,0,Y,89,34900
1159,RL,92.0,11932,Reg,Somerst,Feedr,1Fam,1Story,1580,PConc,Y,1580,3,7,0,2,3,830,Y,1,235128
943,RL,42.0,7711,IR1,Edwards,Norm,Duplex,1Story,1440,PConc,Y,1440,4,8,0,4,0,0,N,30,150000
671,RL,64.0,8633,Reg,CollgCr,Norm,1Fam,2Story,738,PConc,Y,1476,3,7,0,4,2,540,N,4,173500
934,RL,63.0,8487,Reg,CollgCr,Norm,1Fam,1Story,1500,PConc,Y,1500,3,6,0,2,2,570,N,5,190000
1203,RM,50.0,6000,Reg,BrkSide,Norm,1Fam,1.5Fin,884,BrkTil,Y,1348,3,5,1,2,1,216,Y,84,117000
1094,RL,71.0,9230,Reg,NAmes,Feedr,1Fam,1Story,864,CBlock,Y,1200,1,6,0,3,2,884,Y,41,146000
367,RL,0.0,9500,IR1,NAmes,Norm,1Fam,1Story,1394,CBlock,Y,1394,3,6,2,3,2,514,N,46,159000
1042,RL,0.0,9130,Reg,NWAmes,Feedr,1Fam,2Story,800,CBlock,Y,1632,4,7,0,3,2,484,Y,42,173000
229,RL,70.0,8521,Reg,Sawyer,Feedr,1Fam,1Story,912,CBlock,Y,912,3,5,1,1,1,336,N,43,125000
418,RL,86.0,22420,IR1,Crawfor,Feedr,1Fam,2Story,1370,BrkTil,N,2624,4,10,1,4,3,864,Y,89,239000
207,RL,40.0,13673,IR1,Sawyer,RRAe,1Fam,1Story,1140,CBlock,Y,1696,3,8,1,2,1,349,N,45,143900
80,RM,60.0,10440,Reg,OldTown,Norm,1Fam,2Story,440,PConc,Y,1230,2,5,0,2,2,440,Y,99,110000
191,RL,70.0,10570,Reg,Crawfor,Norm,1Fam,2Story,853,CBlock,Y,2727,3,10,2,3,2,440,Y,75,315000
493,RL,105.0,15578,IR1,Gilbert,Norm,1Fam,2Story,728,PConc,Y,1456,3,8,0,3,2,429,N,0,172785
726,RL,60.0,6960,Reg,NAmes,Norm,1Fam,1Story,864,CBlock,Y,864,3,5,0,1,2,660,N,39,120500
146,RM,24.0,2522,Reg,Edwards,Norm,Twnhs,2Story,970,PConc,Y,1709,3,7,0,2,2,380,Y,2,130000
1016,RL,70.0,8400,Reg,NWAmes,Norm,1Fam,2Story,810,PConc,Y,1665,3,6,0,4,2,528,N,8,227000
319,RL,90.0,9900,Reg,NoRidge,Norm,1Fam,2Story,1347,PConc,Y,2646,4,9,1,4,3,656,N,16,260000
821,RL,72.0,7226,IR1,CollgCr,Norm,1Fam,2Story,798,PConc,Y,1640,3,6,0,3,2,595,N,5,183000
1187,RL,107.0,10615,IR1,OldTown,Artery,2fmCon,2Story,978,CBlock,Y,1699,3,7,0,3,2,420,Y,100,95000
458,RL,0.0,30000,IR1,ClearCr,Norm,1Fam,1Story,1364,CBlock,Y,1663,2,6,2,2,2,529,Y,54,256000
145,RM,70.0,9100,Reg,Sawyer,RRAe,Duplex,1Story,1728,CBlock,Y,1728,5,10,0,3,2,504,N,43,125000
1211,RL,70.0,11218,Reg,SawyerW,Norm,1Fam,2Story,1055,PConc,Y,1845,3,8,1,3,2,462,N,18,189000
993,RL,80.0,9760,Reg,NAmes,Norm,1Fam,2Story,822,CBlock,Y,1851,3,7,1,3,2,440,Y,43,187000
825,FV,81.0,11216,Reg,Somerst,Norm,1Fam,1Story,1489,PConc,Y,1489,3,7,1,2,2,776,N,0,232600
761,RL,70.0,9100,Reg,NAmes,Norm,1Fam,1Story,864,CBlock,Y,864,2,5,0,1,1,300,N,50,127500
1460,RL,75.0,9937,Reg,Edwards,Norm,1Fam,1Story,1256,CBlock,Y,1256,3,6,0,3,1,276,N,43,147500
593,RL,60.0,6600,Reg,Mitchel,Norm,1Fam,1Story,816,PConc,Y,816,2,4,0,2,2,816,Y,26,138000
1155,RL,0.0,13700,IR1,NAmes,Norm,1Fam,2Story,864,CBlock,Y,1820,4,8,2,3,2,492,Y,43,201800
919,RL,103.0,13125,IR1,SawyerW,Norm,1Fam,2Story,1104,PConc,Y,2127,4,8,1,4,3,833,N,16,238000
84,RL,80.0,8892,IR1,NAmes,Norm,1Fam,1Story,1065,CBlock,Y,1065,3,6,0,2,2,461,N,47,126500
155,RM,84.0,11340,Reg,OldTown,Norm,1Fam,1Story,1200,BrkTil,Y,1200,4,7,0,1,1,312,Y,83,125000
1000,RL,64.0,6762,Reg,CollgCr,Norm,1Fam,1Story,1187,PConc,Y,1208,2,6,0,3,2,632,N,4,206000
1396,RL,88.0,12665,IR1,Timber,Norm,1Fam,2Story,1094,PConc,Y,2482,4,9,1,3,3,642,Y,2,281213
749,RL,59.0,10593,IR1,NoRidge,Norm,1Fam,1Story,1720,PConc,Y,1720,3,7,1,3,2,527,N,14,260400
128,RM,55.0,4388,IR1,OldTown,Feedr,1Fam,1.5Unf,672,BrkTil,Y,840,3,5,1,1,0,0,Y,77,87000
1310,RL,0.0,7153,Reg,SawyerW,Norm,1Fam,1Story,1278,CBlock,Y,1294,3,6,0,3,2,496,N,17,179200
881,RL,60.0,7024,Reg,Edwards,Norm,1Fam,1Story,1090,PConc,Y,1090,2,5,0,3,2,450,Y,2,157000
404,RL,93.0,12090,Reg,NoRidge,Norm,1Fam,2Story,1141,PConc,Y,2263,4,10,1,3,2,420,N,8,258000
151,RL,120.0,10356,Reg,CollgCr,Norm,1Fam,1Story,969,CBlock,Y,969,3,5,0,2,2,440,N,32,122000
1062,C (all),120.0,18000,Reg,IDOTRR,Norm,1Fam,1Story,894,CBlock,Y,894,2,6,0,1,3,1000,Y,73,81000
414,RM,56.0,8960,Reg,OldTown,Artery,1Fam,1Story,1008,CBlock,Y,1028,2,5,1,1,2,360,Y,83,115000
956,RH,82.0,7136,IR1,Crawfor,Norm,Duplex,2Story,979,CBlock,N,1958,4,8,0,2,2,492,Y,61,145000
1325,RL,75.0,9986,Reg,Somerst,Norm,1Fam,1Story,1795,PConc,Y,1795,2,7,1,2,3,895,Y,1,147000
988,RL,83.0,10159,IR1,NridgHt,Norm,1Fam,1Story,1930,PConc,Y,1940,3,8,1,4,3,606,Y,1,395192
718,RL,80.0,10000,Reg,NWAmes,Norm,1Fam,1Story,1176,CBlock,Y,1178,3,5,1,3,2,439,Y,35,157000
841,RH,0.0,12155,IR1,SWISU,Norm,1Fam,2Story,672,BrkTil,N,1482,4,7,0,2,1,400,Y,83,140000
806,RL,91.0,12274,IR1,Somerst,Norm,1Fam,1Story,1417,PConc,Y,1428,3,6,0,2,2,554,N,0,227680
848,RL,36.0,15523,IR1,CollgCr,Norm,1Fam,1Story,864,CBlock,Y,864,3,5,1,2,1,338,N,37,133500
353,RL,60.0,9084,Reg,Edwards,Artery,1Fam,1.5Fin,616,CBlock,N,1111,3,5,0,2,1,200,Y,67,95000
96,RL,0.0,9765,IR2,Gilbert,Norm,1Fam,2Story,680,PConc,Y,1470,3,6,1,3,2,420,N,16,185000
626,RL,87.0,10000,IR1,NAmes,Norm,1Fam,1Story,1116,CBlock,Y,1116,3,5,0,2,2,440,N,48,160000
572,RL,60.0,7332,Reg,NAmes,Norm,1Fam,1Story,864,CBlock,Y,864,2,4,0,2,1,288,N,47,120000
38,RL,74.0,8532,Reg,NAmes,Norm,1Fam,1Story,1297,CBlock,Y,1297,3,5,1,2,2,498,Y,55,153000
486,RL,80.0,9600,Reg,NAmes,Norm,1Fam,1Story,1113,CBlock,Y,1113,3,5,1,1,1,264,Y,59,147000
144,RL,78.0,10335,IR1,CollgCr,Norm,1Fam,1Story,1490,PConc,Y,1501,3,6,0,3,2,577,N,10,204000
763,FV,72.0,8640,Reg,Somerst,Norm,1Fam,2Story,756,PConc,Y,1547,3,7,0,3,2,614,N,1,215200
159,FV,100.0,12552,Reg,Somerst,Norm,1Fam,2Story,991,PConc,Y,1947,3,8,1,3,2,678,Y,6,254900
553,RL,87.0,11146,IR1,NridgHt,Norm,1Fam,1Story,1709,PConc,Y,1717,3,7,1,2,3,908,N,3,255500
819,RL,80.0,8816,Reg,ClearCr,Norm,1Fam,SLvl,1010,CBlock,Y,1052,3,6,0,2,2,440,N,39,155000
793,RL,92.0,9920,IR1,NoRidge,Norm,1Fam,2Story,1117,PConc,Y,2013,3,8,1,4,2,455,Y,11,269790
983,RL,43.0,3182,Reg,Blmngtn,Norm,1Fam,1Story,1266,PConc,Y,1266,2,6,1,2,2,388,N,1,159895
1047,RL,85.0,16056,IR1,StoneBr,Norm,1Fam,2Story,1992,PConc,Y,2868,4,10,1,4,3,716,Y,1,556581
747,RL,0.0,8795,IR1,Gilbert,Norm,1Fam,2Story,952,PConc,Y,2256,4,8,1,3,2,554,N,9,236000
237,RL,65.0,8773,Reg,CollgCr,Norm,1Fam,1Story,1414,PConc,Y,1414,3,6,0,2,2,494,N,6,185500
921,RL,70.0,8462,IR1,SawyerW,Norm,1Fam,2Story,928,PConc,Y,1721,3,7,0,4,2,471,N,13,201000
223,RL,85.0,11475,Reg,NWAmes,RRAn,1Fam,2Story,713,CBlock,Y,1552,3,6,1,4,2,434,N,31,179900
1280,C (all),60.0,7500,Reg,IDOTRR,Norm,1Fam,1.5Fin,698,CBlock,Y,1128,2,6,0,1,2,528,Y,90,68400
1171,RL,76.0,9880,Reg,Mitchel,Norm,1Fam,SLvl,1096,CBlock,Y,1118,3,6,1,2,1,358,N,31,171000
941,RL,55.0,12640,IR1,Mitchel,Norm,Duplex,1Story,1728,CBlock,Y,1728,4,8,0,2,2,574,N,30,150900
662,RL,52.0,30000,IR2,NoRidge,Norm,1Fam,2Story,1629,PConc,Y,2448,4,8,1,4,3,711,Y,15,402000
589,RL,65.0,25095,IR1,ClearCr,Norm,1Fam,1Story,1437,CBlock,Y,1473,1,5,2,3,1,452,Y,41,143000
882,RL,44.0,13758,IR1,Timber,Norm,1Fam,1.5Fin,1156,CBlock,Y,1717,3,7,1,3,2,400,Y,17,187500
1259,RL,59.0,9587,IR1,Gilbert,Norm,1Fam,SLvl,856,PConc,Y,1166,2,5,0,3,2,400,N,3,190000
63,RL,44.0,6442,IR1,NridgHt,Norm,TwnhsE,1Story,1370,PConc,Y,1370,2,6,1,2,2,484,N,1,202500
1278,RL,0.0,17871,IR1,NWAmes,Norm,1Fam,SLvl,1680,CBlock,Y,1724,3,7,1,3,2,480,Y,42,197900
194,RM,24.0,2522,Reg,Edwards,Norm,Twnhs,2Story,970,PConc,Y,1709,3,7,0,2,2,380,N,2,130000
236,RM,21.0,1680,Reg,BrDale,Norm,TwnhsE,2Story,483,CBlock,Y,987,2,5,0,2,1,264,N,37,89500
182,RL,54.0,7588,Reg,Crawfor,Norm,1Fam,2Story,793,BrkTil,Y,1802,4,9,1,2,1,216,Y,86,200100
1175,RL,80.0,16560,IR1,Crawfor,Norm,1Fam,2Story,952,BrkTil,Y,2345,4,9,1,3,2,360,Y,74,239000
893,RL,70.0,8414,Reg,Sawyer,Norm,1Fam,1Story,1059,CBlock,Y,1068,3,6,0,2,1,264,Y,43,154500
924,RL,50.0,8012,Reg,SawyerW,Norm,TwnhsE,1Story,1604,PConc,Y,1617,2,5,1,3,2,533,Y,15,193000
522,RL,90.0,11988,IR1,NAmes,Feedr,1Fam,1Story,1244,CBlock,Y,1244,3,6,2,2,1,336,N,50,150000
670,RL,80.0,11600,Reg,Crawfor,Norm,1Fam,1Story,700,BrkTil,Y,1180,2,5,1,1,1,252,Y,84,137500
830,FV,24.0,2544,Reg,Somerst,Norm,Twnhs,2Story,600,PConc,Y,1223,2,4,0,3,2,480,N,1,147400
925,RL,79.0,10240,Reg,NWAmes,Norm,1Fam,1Story,1686,CBlock,Y,1686,3,7,1,3,2,612,N,26,207500
1028,RL,71.0,9520,IR1,Timber,Norm,1Fam,1Story,1638,PConc,Y,1646,3,7,1,3,3,800,Y,1,293077
734,RL,80.0,10000,Reg,Sawyer,Feedr,1Fam,1Story,864,CBlock,Y,1144,3,6,1,2,1,264,Y,48,131400
383,RL,79.0,9245,IR1,CollgCr,Norm,1Fam,2Story,939,PConc,Y,1797,3,8,0,3,2,639,N,1,213500
1233,RL,70.0,9842,Reg,NAmes,Norm,Duplex,1Story,0,Slab,Y,1224,2,6,0,2,2,462,N,45,101800
1355,RL,0.0,10316,IR1,CollgCr,Norm,1Fam,2Story,992,PConc,Y,1865,3,7,1,4,3,839,N,8,235000
332,RL,70.0,8176,Reg,NAmes,Norm,1Fam,1Story,1056,CBlock,Y,1056,3,6,0,2,1,308,Y,49,139000
799,RL,104.0,13518,Reg,NridgHt,Norm,1Fam,2Story,1926,PConc,Y,3000,4,10,2,4,3,820,Y,1,485000
263,RL,88.0,8471,IR1,Sawyer,Norm,1Fam,SLvl,506,CBlock,Y,1212,3,6,1,2,2,492,Y,29,151000
7,RL,75.0,10084,Reg,Somerst,Norm,1Fam,1Story,1686,PConc,Y,1694,3,7,1,3,2,636,Y,3,307000
267,RL,70.0,11207,IR1,Gilbert,Norm,1Fam,2Story,802,PConc,Y,1511,3,8,1,4,2,413,N,9,185000
39,RL,68.0,7922,Reg,NAmes,Norm,1Fam,1Story,1057,CBlock,Y,1057,3,5,0,2,1,246,Y,57,109000
1417,RM,60.0,11340,Reg,OldTown,Norm,2fmCon,2Story,777,PConc,Y,2290,4,10,0,2,2,560,Y,100,122500
546,RL,0.0,13837,IR1,NWAmes,Norm,1Fam,1.5Fin,1204,PConc,Y,2183,4,9,0,3,3,786,N,18,229000
119,RL,90.0,12376,Reg,SawyerW,Norm,1Fam,2Story,1673,PConc,Y,3000,5,10,2,4,3,594,N,20,320000
653,RL,70.0,8750,Reg,CollgCr,Norm,1Fam,2Story,880,PConc,Y,1716,2,7,1,3,2,512,N,13,191000
786,RL,0.0,9790,Reg,NWAmes,Feedr,1Fam,1Story,1372,CBlock,Y,1342,3,7,1,2,2,457,N,42,161500
1024,RL,43.0,3182,Reg,Blmngtn,Norm,TwnhsE,1Story,1346,PConc,Y,1504,2,7,1,2,2,437,Y,3,191000
106,FV,75.0,9375,Reg,Somerst,Norm,1Fam,2Story,1053,PConc,Y,1992,3,9,1,3,2,648,Y,5,250000
1092,FV,24.0,2160,Reg,Somerst,Norm,Twnhs,2Story,600,PConc,Y,1252,2,4,0,4,2,462,Y,9,160000
485,RL,0.0,7758,IR1,Sawyer,Norm,1Fam,1Story,999,CBlock,Y,999,3,6,0,2,1,264,Y,45,132500
1409,RM,60.0,7740,Reg,OldTown,Norm,1Fam,2Story,622,CBlock,Y,1363,3,6,0,1,2,528,Y,100,125500
843,RL,82.0,9020,Reg,NAmes,Norm,1Fam,SLvl,1127,CBlock,Y,1165,3,6,0,3,2,490,N,42,174900
684,RL,90.0,11248,IR1,CollgCr,Norm,1Fam,1Story,1626,PConc,Y,1668,3,7,1,3,3,702,N,5,285000
21,RL,101.0,14215,IR1,NridgHt,Norm,1Fam,2Story,1158,PConc,Y,2376,4,9,1,4,3,853,Y,1,325300
243,RM,63.0,5000,Reg,OldTown,Norm,1Fam,1.5Fin,540,BrkTil,N,1440,3,6,0,1,1,352,Y,100,79000
51,RL,0.0,13869,IR2,Gilbert,Norm,1Fam,2Story,794,PConc,Y,1470,3,6,0,3,2,388,N,10,177000
163,RL,95.0,12182,Reg,NridgHt,Norm,1Fam,1Story,1541,PConc,Y,1541,3,7,1,2,2,532,N,5,220000
442,RL,92.0,12108,Reg,Edwards,Norm,Duplex,1Story,1440,CBlock,N,1440,4,8,0,2,0,0,N,53,118000
732,RL,73.0,9590,IR1,Timber,Norm,1Fam,SLvl,868,PConc,Y,1146,3,6,1,3,2,438,N,4,187500
765,RL,30.0,9549,IR1,Veenker,Norm,TwnhsE,1Story,1494,PConc,Y,1494,2,6,1,3,2,481,Y,11,270000
878,RL,74.0,8834,Reg,NridgHt,Norm,1Fam,2Story,1462,PConc,Y,2224,4,10,1,4,3,738,Y,5,350000
1179,RL,54.0,7681,IR1,Crawfor,Norm,1Fam,1.5Fin,731,BrkTil,Y,1343,3,7,1,2,1,186,Y,88,154900
302,RL,66.0,16226,IR3,CollgCr,Norm,1Fam,2Story,1028,PConc,Y,2452,4,9,1,3,2,683,Y,9,267000
1053,RL,100.0,9500,Reg,NAmes,Artery,1Fam,2Story,816,CBlock,Y,1977,4,9,1,3,2,540,Y,43,165000
173,RL,44.0,5306,IR1,StoneBr,Norm,TwnhsE,2Story,1064,PConc,Y,1767,2,5,1,3,2,504,N,19,239000
708,RL,48.0,6240,Reg,NridgHt,Norm,TwnhsE,1Story,1324,PConc,Y,1324,2,6,1,3,2,550,N,3,254000
659,RL,78.0,17503,Reg,NAmes,Artery,1Fam,1.5Fin,912,CBlock,Y,1458,3,6,1,2,1,330,Y,62,97500
1096,RL,78.0,9317,IR1,CollgCr,Norm,1Fam,1Story,1314,PConc,Y,1314,3,6,1,2,2,440,N,1,176432
285,RL,50.0,8012,Reg,SawyerW,Norm,TwnhsE,1Story,1575,PConc,Y,1575,2,5,0,3,2,529,N,15,179200
1037,RL,89.0,12898,IR1,Timber,Norm,1Fam,1Story,1620,PConc,Y,1620,2,6,1,3,3,912,Y,2,315500
1263,RL,0.0,11250,Reg,ClearCr,Norm,1Fam,1.5Fin,1104,CBlock,Y,1788,5,8,2,2,1,304,Y,52,161500
1446,RL,70.0,8400,Reg,Sawyer,Norm,1Fam,SFoyer,814,CBlock,Y,913,3,6,0,2,1,240,N,41,129000
1457,RL,85.0,13175,Reg,NWAmes,Norm,1Fam,1Story,1542,CBlock,Y,2073,3,7,2,3,2,500,Y,32,210000
1192,FV,24.0,2645,Reg,Somerst,Norm,Twnhs,2Story,776,PConc,Y,1441,2,5,0,3,2,492,Y,8,174000
1198,RM,65.0,8850,IR1,OldTown,Norm,1Fam,2.5Unf,815,BrkTil,Y,1690,3,7,1,1,1,225,Y,90,144000
669,RL,0.0,14175,Reg,Sawyer,Norm,1Fam,1Story,1188,CBlock,Y,1437,3,6,1,3,2,576,Y,50,168000
1347,RL,0.0,20781,IR2,NWAmes,PosN,1Fam,1Story,1568,CBlock,Y,2156,3,9,1,2,2,508,Y,38,262500
211,RL,67.0,5604,Reg,Edwards,Norm,1Fam,1Story,864,CBlock,N,864,2,5,0,2,0,0,Y,83,98000
345,RM,36.0,2592,Reg,MeadowV,Norm,TwnhsE,2Story,536,CBlock,Y,1112,3,4,0,2,1,336,N,34,85000
307,RL,116.0,13474,Reg,SawyerW,Feedr,1Fam,2Story,700,CBlock,Y,2243,4,8,1,4,3,746,Y,17,225000
218,RM,57.0,9906,Reg,OldTown,Norm,1Fam,2Story,686,CBlock,N,1328,3,8,0,1,1,210,Y,81,107000
1433,RL,60.0,10800,Reg,OldTown,Norm,1Fam,1Story,656,BrkTil,Y,968,4,5,0,2,1,216,Y,80,64500
290,RL,60.0,8730,Reg,BrkSide,RRAn,1Fam,2Story,698,BrkTil,Y,1396,3,7,0,1,1,384,Y,92,153575
379,RL,88.0,11394,Reg,StoneBr,Norm,1Fam,1Story,1856,PConc,Y,1856,1,8,1,3,3,834,N,0,394432
168,RL,86.0,10562,Reg,NridgHt,Norm,1Fam,2Story,1582,PConc,Y,2161,3,8,1,3,3,789,N,0,325624
422,RL,0.0,16635,IR1,NWAmes,Norm,1Fam,1Story,1602,CBlock,Y,1602,3,8,1,3,2,529,Y,32,215000
226,RM,21.0,1680,Reg,BrDale,Norm,Twnhs,2Story,630,CBlock,Y,1302,3,6,0,3,1,280,N,38,112000
617,RL,0.0,7861,IR1,Gilbert,Norm,1Fam,2Story,783,PConc,Y,1509,3,7,1,4,2,393,Y,4,183200
13,RL,0.0,12968,IR2,Sawyer,Norm,1Fam,1Story,912,CBlock,Y,912,2,4,0,2,1,352,N,46,144000
523,RM,50.0,5000,Reg,BrkSide,Feedr,1Fam,1.5Fin,1004,CBlock,Y,1664,3,7,2,2,2,420,Y,59,159000
1093,RL,60.0,8400,Reg,SWISU,Norm,1Fam,1.5Fin,1181,PConc,Y,1694,4,7,1,2,2,576,Y,83,136500
69,RM,47.0,4608,Reg,OldTown,Artery,1Fam,1Story,747,CBlock,Y,747,2,4,0,1,1,220,Y,65,80000
91,RL,60.0,7200,Reg,NAmes,Norm,1Fam,1Story,0,Slab,Y,1040,2,4,0,1,2,420,N,56,109900
1189,RL,68.0,8935,IR1,CollgCr,Norm,1Fam,2Story,831,PConc,Y,1660,3,7,0,3,2,493,N,7,195000
381,RL,50.0,5000,Reg,SWISU,Norm,1Fam,1.5Fin,1026,BrkTil,Y,1691,3,6,1,2,1,308,Y,86,127000
951,RL,60.0,7200,Reg,NAmes,Norm,1Fam,1Story,864,CBlock,Y,864,3,5,0,2,2,720,Y,57,129000
373,RL,50.0,7175,Reg,SawyerW,Norm,TwnhsE,1Story,744,CBlock,Y,752,2,4,0,2,1,264,N,26,125000
259,RL,80.0,12435,Reg,CollgCr,Norm,1Fam,2Story,963,PConc,Y,1792,3,7,1,3,2,564,N,7,231500
1237,RL,36.0,2628,Reg,NridgHt,Norm,Twnhs,2Story,764,PConc,Y,1626,2,6,0,3,2,474,N,7,175500
1240,RL,64.0,9037,IR1,Timber,Norm,1Fam,1Story,1476,PConc,Y,1484,2,6,1,2,2,472,N,1,265900
305,RM,87.0,18386,Reg,OldTown,Norm,1Fam,2.5Fin,1470,BrkTil,Y,3000,3,10,1,3,3,870,Y,100,295000
1306,RL,108.0,13173,IR1,NridgHt,Norm,1Fam,1Story,1652,PConc,Y,1652,2,6,2,3,2,840,Y,3,325000
411,RL,68.0,9571,Reg,Edwards,Norm,1Fam,1Story,1276,CBlock,Y,1276,3,5,0,1,1,350,N,51,60000
1412,RL,80.0,9600,Reg,NAmes,Norm,1Fam,1.5Fin,856,CBlock,Y,1668,3,6,0,2,1,271,Y,59,140000
971,RL,60.0,10800,Reg,NAmes,Norm,1Fam,1.5Fin,720,CBlock,N,1192,4,6,0,2,0,0,Y,57,135000
43,RL,0.0,9180,IR1,SawyerW,Norm,1Fam,SFoyer,840,CBlock,Y,884,2,5,0,2,2,504,N,24,144000
209,RL,0.0,14364,IR1,SawyerW,Norm,1Fam,2Story,1157,CBlock,Y,2062,3,7,1,4,2,454,Y,19,277000
533,RL,60.0,7200,Reg,NAmes,Norm,1Fam,1Story,0,Slab,Y,827,2,5,1,1,1,392,Y,55,107500
975,RL,60.0,11414,IR1,BrkSide,RRAn,1Fam,2Story,728,BrkTil,N,2019,3,8,0,1,2,532,Y,99,167500
491,RM,0.0,2665,Reg,MeadowV,Norm,TwnhsE,2Story,264,PConc,Y,1304,3,4,1,2,1,336,N,32,115000
597,RM,60.0,3600,Reg,OldTown,Norm,1Fam,2Story,684,CBlock,N,1368,3,7,0,1,1,216,Y,96,114504
75,RM,60.0,5790,Reg,OldTown,Norm,1Fam,2Story,840,CBlock,N,1605,3,8,0,2,1,379,Y,95,107400
516,RL,94.0,12220,Reg,NridgHt,Norm,1Fam,1Story,2000,CBlock,Y,2020,3,9,1,4,3,900,N,0,402861
286,FV,35.0,4251,IR1,Somerst,Norm,TwnhsE,2Story,625,PConc,Y,1250,2,5,0,3,2,528,Y,1,164700
1188,RL,89.0,12461,Reg,NoRidge,Norm,1Fam,1Story,1624,PConc,Y,1624,2,5,1,3,3,757,Y,12,262000
72,RL,69.0,7599,Reg,Mitchel,Norm,1Fam,1Story,845,CBlock,Y,845,2,4,0,2,2,360,Y,25,129500
562,RL,77.0,10010,Reg,Mitchel,Norm,1Fam,1Story,1389,CBlock,Y,1389,2,6,1,2,2,418,Y,32,170000
180,RM,60.0,8520,Reg,OldTown,Norm,1Fam,1Story,968,CBlock,Y,968,2,5,0,1,2,480,Y,84,100000
916,RM,21.0,2001,Reg,MeadowV,Norm,Twnhs,2Story,546,CBlock,Y,1092,3,6,0,2,1,286,N,37,75000
1369,RM,0.0,4435,Reg,CollgCr,Norm,TwnhsE,1Story,848,PConc,Y,848,1,4,0,2,2,420,Y,6,144000
494,RL,70.0,7931,Reg,NAmes,Norm,1Fam,1Story,1269,CBlock,Y,1269,3,6,1,2,1,308,N,48,155000
117,RL,0.0,11616,Reg,Sawyer,Norm,1Fam,1Story,1092,CBlock,Y,1092,3,6,1,2,1,288,N,47,139000
294,RL,0.0,16659,IR1,NWAmes,PosA,1Fam,2Story,795,CBlock,Y,2263,3,9,1,4,2,539,Y,29,235000
77,RL,0.0,8475,IR1,NAmes,Norm,1Fam,1Story,952,CBlock,Y,952,2,4,0,1,1,283,N,52,135750
49,RM,33.0,4456,Reg,OldTown,Norm,2fmCon,2Story,736,BrkTil,Y,1452,2,8,0,2,0,0,Y,89,113000
862,RL,75.0,11625,Reg,Sawyer,Norm,2fmCon,1Story,1039,PConc,Y,1039,3,6,0,3,2,504,N,45,131500
776,RM,32.0,4500,Reg,Mitchel,Norm,TwnhsE,1Story,1204,PConc,Y,1204,2,5,0,3,2,412,N,11,162000
773,RL,94.0,7819,Reg,Edwards,Norm,1Fam,SLvl,1029,CBlock,Y,1117,3,6,1,2,2,672,N,34,107000
1206,RL,90.0,14684,IR1,SawyerW,Norm,1Fam,1Story,2000,CBlock,Y,2196,3,7,1,2,3,701,Y,19,271900
1006,RL,65.0,8385,Reg,CollgCr,Norm,1Fam,SLvl,985,CBlock,Y,985,3,6,0,2,1,328,N,31,149900
333,RL,85.0,10655,IR1,NridgHt,Norm,1Fam,1Story,2000,PConc,Y,1629,3,7,1,3,3,880,Y,6,284000
577,RL,52.0,6292,Reg,SWISU,Norm,1Fam,1.5Fin,861,BrkTil,Y,1477,3,6,1,3,1,216,Y,81,145000
623,RL,71.0,7064,Reg,Sawyer,Norm,1Fam,1Story,980,CBlock,Y,980,3,6,0,1,2,484,N,32,135000
565,RL,0.0,13346,IR1,NoRidge,Norm,1Fam,2Story,1095,PConc,Y,2295,4,9,1,4,2,590,Y,14,268000
1013,RL,55.0,10592,Reg,Crawfor,Norm,1Fam,2Story,602,PConc,Y,1502,3,7,2,2,1,180,Y,84,165000
1424,RL,0.0,19690,IR1,Edwards,Norm,1Fam,SLvl,697,CBlock,Y,2201,4,8,1,2,2,432,N,40,274970
410,FV,85.0,10800,Reg,Somerst,Norm,1Fam,2Story,1034,PConc,Y,2078,3,8,1,4,3,836,Y,1,339750
637,RM,51.0,6120,Reg,BrkSide,Norm,1Fam,1Story,264,BrkTil,N,800,1,4,1,1,0,0,Y,73,60000
1452,RL,78.0,9262,Reg,Somerst,Norm,1Fam,1Story,1573,PConc,Y,1578,3,7,1,2,3,840,Y,1,287090
1438,RL,96.0,12444,Reg,NridgHt,Norm,1Fam,1Story,1932,PConc,Y,1932,2,7,1,3,3,774,N,0,394617
1230,RL,70.0,7910,Reg,NAmes,Norm,1Fam,SLvl,1075,CBlock,Y,1507,4,7,0,2,1,404,N,48,127000
289,RL,0.0,9819,IR1,Sawyer,Norm,1Fam,1Story,882,CBlock,Y,900,3,5,0,1,1,280,N,43,122000
995,RL,96.0,12456,Reg,NridgHt,Norm,1Fam,1Story,1700,PConc,Y,1718,3,7,1,3,3,786,Y,3,337500
631,RM,50.0,9000,Reg,OldTown,Artery,1Fam,2Story,636,BrkTil,Y,1750,3,8,0,1,1,240,Y,100,124000
525,RL,95.0,11787,IR1,NoRidge,Norm,1Fam,2Story,1379,PConc,Y,2398,3,8,1,4,3,834,Y,11,315750
158,RL,92.0,12003,Reg,Timber,Norm,1Fam,2Story,774,PConc,Y,1968,4,8,1,3,3,680,Y,1,269500
338,RL,70.0,9135,Reg,CollgCr,Norm,1Fam,1Story,1536,PConc,Y,1536,3,7,0,3,2,532,Y,6,214000
1381,RL,45.0,8212,Reg,Edwards,Norm,1Fam,1Story,864,BrkTil,N,864,2,5,0,2,1,200,Y,96,58500
497,RL,0.0,12692,IR1,NoRidge,Norm,1Fam,1Story,2000,PConc,Y,3000,4,10,1,4,2,546,Y,15,430000
47,RL,48.0,12822,IR1,Mitchel,Norm,1Fam,1.5Fin,1434,PConc,Y,2149,1,6,1,3,2,670,N,6,239686
748,RM,65.0,11700,IR1,OldTown,Norm,1Fam,2Story,1240,Stone,N,2640,4,8,1,2,4,864,Y,100,265979
136,RL,80.0,10400,Reg,NWAmes,Norm,1Fam,1Story,1304,PConc,Y,1682,3,7,1,2,2,530,N,38,174000
754,RL,80.0,10240,Reg,NridgHt,Norm,1Fam,2Story,1030,PConc,Y,2098,3,8,1,3,3,878,N,1,275500
463,RL,60.0,8281,IR1,Sawyer,Norm,1Fam,1Story,864,CBlock,Y,864,3,5,1,1,1,360,N,44,62383
954,RL,0.0,11075,IR1,Mitchel,Norm,1Fam,2Story,784,CBlock,Y,1968,4,7,1,4,2,530,N,39,172000
863,RL,81.0,9672,Reg,SawyerW,Norm,1Fam,1Story,1040,PConc,Y,1097,3,6,0,2,2,480,Y,26,152000
440,RL,67.0,12354,Reg,Edwards,Norm,1Fam,1.5Fin,684,BrkTil,Y,1196,3,7,0,1,2,528,Y,89,110000
178,RL,0.0,13650,Reg,Sawyer,Norm,1Fam,1.5Fin,1052,CBlock,Y,1920,4,8,1,3,2,451,N,48,172500
571,RL,74.0,13101,IR1,NAmes,Norm,Duplex,1Story,1728,CBlock,Y,1728,5,10,0,2,2,576,N,43,142600
1279,RL,75.0,9473,Reg,CollgCr,Norm,1Fam,2Story,1128,PConc,Y,2031,3,7,1,4,2,577,N,6,237000
425,RL,72.0,9000,Reg,NAmes,Norm,1Fam,1Story,1196,CBlock,Y,1196,2,6,1,2,1,297,N,52,139000
326,RM,50.0,5000,Reg,IDOTRR,RRAe,1Fam,1.5Unf,720,CBlock,N,803,2,5,0,1,2,360,Y,66,87000
644,RL,80.0,10793,Reg,NWAmes,RRAn,1Fam,2Story,780,CBlock,Y,1620,4,7,0,3,2,462,N,38,152000
665,RL,49.0,20896,IR2,Somerst,RRAn,1Fam,1Story,2000,PConc,Y,2097,1,8,1,3,3,1000,Y,1,423000
351,RL,68.0,7820,IR1,NridgHt,Norm,TwnhsE,1Story,1869,PConc,Y,1869,2,6,1,2,2,617,N,0,318061
448,RL,0.0,11214,IR1,Gilbert,Norm,1Fam,2Story,930,PConc,Y,1886,4,10,1,3,2,431,Y,8,199900
917,C (all),50.0,9000,Reg,IDOTRR,Norm,1Fam,1Story,480,CBlock,N,480,1,4,0,1,1,308,Y,57,35311
18,RL,72.0,10791,Reg,Sawyer,Norm,Duplex,1Story,0,Slab,Y,1296,2,6,0,2,2,516,N,39,90000
1333,RL,67.0,8877,Reg,Edwards,Norm,1Fam,1Story,816,CBlock,Y,816,2,3,1,2,1,288,Y,71,100000
1100,RL,82.0,11880,IR1,NWAmes,RRAn,1Fam,1Story,1271,CBlock,Y,1601,3,7,1,2,2,478,N,31,157000
1434,RL,93.0,10261,IR1,Gilbert,Norm,1Fam,2Story,936,PConc,Y,1792,3,8,1,4,2,451,N,8,186500
1033,RL,0.0,14541,IR1,NoRidge,Norm,1Fam,2Story,1338,PConc,Y,2520,5,10,1,4,3,796,N,13,310000
947,RL,70.0,8163,Reg,NAmes,Norm,1Fam,SLvl,1144,CBlock,Y,1144,3,6,1,2,1,796,N,47,143000
1361,RL,51.0,9842,Reg,SWISU,Feedr,1Fam,2Story,612,BrkTil,Y,2601,4,8,0,4,2,621,Y,87,189000
346,RL,65.0,6435,Reg,BrkSide,RRAn,1Fam,1.5Fin,972,BrkTil,Y,1577,3,6,1,1,1,312,Y,67,140200
476,RL,80.0,8480,Reg,Sawyer,Norm,1Fam,1Story,970,CBlock,Y,970,2,5,0,2,2,624,N,44,132500
314,RL,150.0,30000,IR3,Timber,Norm,1Fam,1Story,2000,CBlock,Y,2036,3,8,2,4,2,513,N,44,375000
755,RL,61.0,7930,Reg,NAmes,Norm,1Fam,1Story,1026,CBlock,Y,1026,3,5,0,2,2,440,Y,40,156000
1124,RL,50.0,9405,Reg,Edwards,Norm,1Fam,1Story,698,CBlock,Y,698,2,4,0,2,0,0,Y,62,118000
452,RL,62.0,30000,IR1,ClearCr,Norm,1Fam,1Story,1533,CBlock,Y,1533,2,5,2,3,2,576,N,31,280000
171,RM,0.0,12358,IR1,OldTown,Feedr,1Fam,1.5Fin,720,CBlock,Y,1382,2,7,0,2,2,660,Y,66,128500
700,FV,59.0,4282,IR2,Somerst,Norm,TwnhsE,1Story,1391,PConc,Y,1391,2,5,0,2,2,530,N,4,196000
1459,RL,68.0,9717,Reg,NAmes,Norm,1Fam,1Story,1078,CBlock,Y,1078,2,5,0,2,1,240,Y,60,142125
134,RL,0.0,6853,IR1,Timber,Norm,1Fam,1Story,1267,PConc,Y,1296,2,6,0,3,2,471,Y,8,220000
814,RL,75.0,9750,Reg,NAmes,Norm,1Fam,1Story,1442,CBlock,Y,1442,4,7,0,2,1,301,N,49,157900
1235,RH,55.0,8525,Reg,SWISU,Norm,1Fam,2Story,940,PConc,N,1964,4,7,0,2,0,0,Y,97,130000
1166,RL,79.0,9541,IR1,NridgHt,Norm,1Fam,1Story,1502,PConc,Y,1502,3,7,0,2,2,644,N,0,233170
831,RL,80.0,11900,IR1,NAmes,Norm,1Fam,1Story,1392,CBlock,Y,1392,3,6,2,3,2,458,N,51,166000
79,RL,72.0,10778,Reg,Sawyer,Norm,Duplex,1Story,1768,CBlock,N,1768,4,8,0,2,0,0,N,42,136500
1288,RL,0.0,30000,IR1,ClearCr,Norm,1Fam,1Story,1624,CBlock,Y,1582,4,7,0,3,2,390,N,42,190000
347,RL,0.0,12772,IR1,NAmes,Norm,1Fam,1Story,958,CBlock,Y,958,2,5,0,1,1,301,Y,47,151500
397,RL,60.0,7200,Reg,CollgCr,Norm,1Fam,1Story,894,CBlock,Y,894,2,6,0,1,2,600,N,37,123000
1194,RM,0.0,4500,Reg,Mitchel,Norm,TwnhsE,1Story,1224,PConc,Y,1224,2,5,0,3,2,402,N,10,165000
390,RL,96.0,12474,Reg,NridgHt,Norm,1Fam,2Story,1682,PConc,Y,2332,3,9,1,4,3,846,Y,1,426000
386,RL,43.0,3182,Reg,Blmngtn,Norm,TwnhsE,1Story,1256,PConc,Y,1269,2,6,1,2,2,430,Y,6,192000
1348,RL,93.0,15306,IR1,Timber,Norm,1Fam,1Story,1732,PConc,Y,1776,3,7,1,3,3,712,Y,1,283463
120,RL,65.0,8461,Reg,CollgCr,Norm,1Fam,2Story,728,PConc,Y,1456,3,8,1,3,2,390,Y,1,163990
1104,RL,79.0,8910,Reg,NAmes,Norm,1Fam,1Story,655,CBlock,Y,1194,3,6,1,2,2,539,N,47,159500
1114,RL,66.0,8923,Reg,NAmes,Norm,1Fam,1Story,1008,CBlock,Y,1008,2,6,0,2,1,240,Y,54,134500
230,RL,43.0,3182,Reg,Blmngtn,Norm,TwnhsE,1Story,1373,PConc,Y,1555,2,7,1,2,2,430,Y,4,192500
1236,RL,96.0,13132,Reg,Crawfor,Norm,1Fam,2Story,747,BrkTil,Y,1784,4,9,0,2,1,180,Y,92,138887
22,RM,57.0,7449,Reg,IDOTRR,Norm,1Fam,1.5Unf,637,PConc,Y,1108,3,6,1,1,1,280,Y,77,139400
1380,RL,73.0,9735,Reg,Timber,Norm,1Fam,SLvl,384,PConc,Y,1394,3,7,0,3,2,400,Y,2,167500
767,RL,80.0,10421,Reg,NWAmes,Norm,1Fam,2Story,980,CBlock,Y,1714,3,7,1,3,2,496,N,22,196500
393,RL,0.0,8339,IR1,NAmes,Norm,1Fam,1Story,0,Slab,Y,882,3,5,0,1,1,294,N,48,106500
251,RL,55.0,5350,IR1,BrkSide,Norm,1Fam,1Story,728,CBlock,Y,1306,3,6,0,1,0,0,Y,70,76500
244,RL,75.0,10762,Reg,SawyerW,Norm,TwnhsE,2Story,626,CBlock,Y,1217,3,6,1,2,1,288,N,29,120000
1080,RL,65.0,8775,Reg,CollgCr,Norm,1Fam,1Story,990,PConc,Y,990,3,5,0,1,1,299,N,13,126000
36,RL,108.0,13418,Reg,NridgHt,Norm,1Fam,2Story,1117,PConc,Y,2452,4,9,1,4,3,691,Y,2,309000
594,RM,0.0,4435,Reg,CollgCr,Norm,TwnhsE,1Story,848,PConc,Y,848,1,4,0,2,2,420,N,6,140000
672,RH,54.0,6629,Reg,Edwards,Artery,1Fam,2Story,672,BrkTil,N,1369,3,6,0,3,1,300,Y,84,103600
508,FV,75.0,7862,IR1,Somerst,Norm,1Fam,1Story,1218,PConc,Y,1218,2,4,0,2,2,676,N,0,208300
1441,RL,79.0,11526,IR1,Crawfor,Norm,1Fam,2.5Fin,588,BrkTil,Y,2555,3,10,1,2,2,672,Y,86,191000
1090,FV,37.0,3316,IR1,Somerst,Norm,TwnhsE,1Story,1247,PConc,Y,1247,1,4,1,3,2,550,N,1,197000
962,RL,0.0,12227,IR1,NWAmes,PosN,1Fam,2Story,1330,CBlock,Y,2872,4,10,1,4,2,619,Y,31,272000
1182,RM,64.0,5587,IR1,Crawfor,Norm,TwnhsE,1Story,1600,PConc,Y,1652,2,5,1,4,2,482,N,0,392500
110,RL,105.0,11751,IR1,NWAmes,Norm,1Fam,1Story,1844,CBlock,Y,1844,3,7,1,2,2,546,N,33,190000
938,RL,75.0,9675,Reg,Somerst,Norm,1Fam,2Story,1113,PConc,Y,1971,3,8,1,3,2,689,N,4,253000
380,RL,60.0,8123,IR1,Gilbert,RRAn,1Fam,2Story,982,PConc,Y,1800,3,7,1,3,2,463,N,9,179000
870,RL,80.0,9938,Reg,SawyerW,Norm,1Fam,2Story,1050,PConc,Y,1949,3,8,1,4,2,574,Y,17,236000
615,RM,21.0,1491,Reg,MeadowV,Norm,TwnhsE,SFoyer,630,CBlock,Y,630,1,3,0,2,0,0,N,38,75500
605,RL,88.0,12803,IR1,CollgCr,Norm,1Fam,1Story,1494,PConc,Y,1494,3,6,1,3,2,530,N,6,221000
969,RM,50.0,5925,Reg,OldTown,Norm,1Fam,1.5Fin,600,BrkTil,N,968,2,6,0,1,0,0,Y,99,37900
1312,RL,68.0,8814,Reg,CollgCr,Norm,1Fam,1Story,1274,PConc,Y,1274,3,6,0,3,2,508,Y,2,203000
628,RL,80.0,9600,Reg,NAmes,Norm,1Fam,SLvl,1156,CBlock,Y,1520,3,7,2,2,1,364,Y,55,153000
797,RL,71.0,8197,Reg,Sawyer,Norm,1Fam,1Story,660,CBlock,Y,1285,3,7,1,2,2,528,N,30,143500
903,RL,63.0,7875,Reg,Gilbert,Norm,1Fam,2Story,783,PConc,Y,1509,3,8,1,3,2,393,N,3,180000
661,RL,0.0,12384,Reg,NWAmes,Norm,1Fam,2Story,793,CBlock,Y,1935,3,7,1,3,2,550,N,31,197900
583,RL,81.0,11841,Reg,Edwards,Norm,Duplex,SFoyer,816,CBlock,Y,816,3,5,0,2,0,0,N,17,118500
937,RL,67.0,10083,Reg,SawyerW,Norm,1Fam,1Story,1176,PConc,Y,1200,2,5,0,3,2,555,N,6,184900
724,RL,60.0,8172,Reg,Edwards,Norm,1Fam,1.5Fin,941,PConc,Y,1470,4,7,0,2,1,548,Y,54,135000
172,RL,141.0,30000,IR1,NAmes,Norm,1Fam,1Story,1080,CBlock,Y,1656,3,7,2,2,2,528,N,50,215000
678,RL,52.0,9022,Reg,OldTown,Norm,1Fam,1Story,768,BrkTil,Y,792,2,5,0,1,1,240,Y,85,109500
239,RL,93.0,12030,Reg,NridgHt,Norm,1Fam,1Story,1694,PConc,Y,1694,3,7,0,2,3,818,N,0,318000
701,RL,85.0,14331,Reg,Timber,Norm,1Fam,1Story,1800,PConc,Y,1800,3,7,1,3,3,765,N,4,312500
1063,RM,85.0,13600,Reg,OldTown,Norm,2fmCon,2Story,662,BrkTil,N,2337,5,10,0,2,2,560,Y,100,90000
1223,RL,78.0,10496,Reg,NAmes,Artery,1Fam,1.5Fin,1040,CBlock,Y,1846,3,7,1,2,1,315,Y,58,143000
857,RL,0.0,10970,IR1,CollgCr,Norm,1Fam,SLvl,940,CBlock,Y,1026,3,5,0,2,2,576,N,30,147000
710,RL,0.0,7162,IR1,Sawyer,Norm,1Fam,1Story,876,PConc,Y,904,3,6,0,1,1,408,N,42,109900
1435,RL,80.0,17400,Reg,Mitchel,Norm,1Fam,1Story,1126,CBlock,Y,1126,3,5,1,3,2,484,N,29,160000
322,RL,99.0,12099,IR1,NridgHt,Norm,1Fam,2Story,1136,PConc,Y,2468,4,10,1,4,3,872,N,3,354000
121,RL,0.0,21453,IR1,ClearCr,Norm,1Fam,SLvl,938,CBlock,Y,988,1,4,2,2,2,540,N,37,180000
1296,RL,70.0,8400,Reg,NAmes,Feedr,1Fam,1Story,1052,CBlock,Y,1052,3,5,0,3,1,288,N,38,138500
156,RL,60.0,9600,Reg,Edwards,Artery,1Fam,1.5Fin,572,BrkTil,N,1096,2,5,0,1,0,0,Y,84,79000
1239,RL,63.0,13072,Reg,SawyerW,RRAe,1Fam,1Story,1141,PConc,Y,1141,3,6,0,2,2,484,N,1,142500
625,RL,80.0,10400,Reg,NWAmes,Norm,1Fam,2Story,732,CBlock,Y,1790,4,8,1,4,2,484,N,34,165150
139,RL,73.0,9066,IR1,CollgCr,Norm,1Fam,2Story,1004,PConc,Y,1852,3,7,2,3,3,660,Y,9,230000
126,RM,60.0,6780,Reg,IDOTRR,Norm,2fmCon,1.5Fin,520,CBlock,N,754,2,5,0,2,0,0,Y,71,84500
457,RM,34.0,4571,Reg,OldTown,Norm,1Fam,2Story,624,BrkTil,N,1344,4,7,0,1,3,513,Y,92,98000
67,RL,0.0,19900,Reg,NAmes,PosA,1Fam,1Story,1947,CBlock,Y,2207,3,7,1,3,2,576,Y,40,180000
849,RL,75.0,30000,IR2,ClearCr,Norm,1Fam,1.5Fin,907,BrkTil,Y,2358,5,10,1,3,2,360,Y,100,240000
746,RL,0.0,8963,IR1,NWAmes,Norm,1Fam,2Story,1142,CBlock,Y,2715,4,10,2,4,2,831,Y,32,299800
1057,RL,43.0,7052,IR1,NridgHt,Norm,TwnhsE,1Story,1364,PConc,Y,1364,2,6,1,3,2,484,N,1,185850
781,RL,63.0,7875,Reg,Gilbert,Norm,1Fam,1Story,1237,PConc,Y,1253,3,6,1,2,2,402,Y,12,176000
1287,RL,0.0,9790,Reg,NWAmes,Feedr,1Fam,1Story,1328,CBlock,Y,1328,3,6,2,3,2,528,N,47,143000
627,RL,0.0,12342,IR1,NAmes,Norm,1Fam,1Story,978,CBlock,Y,1422,3,6,1,1,1,286,Y,47,139900
606,RL,85.0,13600,Reg,NAmes,Norm,1Fam,2Story,768,CBlock,Y,1986,3,7,2,3,2,486,Y,44,205000
1444,RL,0.0,8854,Reg,BrkSide,Norm,1Fam,1.5Unf,952,BrkTil,N,952,2,4,1,1,1,192,Y,93,121000
1210,RL,85.0,10182,IR1,Somerst,RRNn,1Fam,1Story,1660,PConc,Y,1660,3,8,1,3,2,500,N,0,290000
179,RL,63.0,17423,IR1,StoneBr,Norm,1Fam,1Story,2000,PConc,Y,2234,1,9,1,3,3,1000,Y,1,501837
1377,RL,52.0,6292,Reg,SWISU,Norm,1Fam,1Story,768,BrkTil,N,790,2,4,0,1,1,160,Y,78,91000
416,RL,73.0,8899,IR1,Gilbert,Norm,1Fam,1Story,1340,PConc,Y,1340,3,6,0,2,2,396,N,0,181134
101,RL,0.0,10603,IR1,NWAmes,Norm,1Fam,1Story,1610,PConc,Y,1610,3,6,2,3,2,480,Y,33,205000
1231,RL,0.0,18890,IR1,Sawyer,Feedr,Duplex,1.5Fin,1361,CBlock,Y,2620,4,10,1,4,2,600,N,30,190000
220,RL,43.0,3010,Reg,Blmngtn,Norm,TwnhsE,1Story,1248,PConc,Y,1248,2,5,0,2,2,438,Y,1,167240
742,RL,65.0,6768,IR1,Sawyer,Feedr,1Fam,1Story,912,CBlock,Y,912,3,5,0,3,1,288,Y,47,142000
335,RL,59.0,9042,IR1,Gilbert,Norm,1Fam,2Story,943,PConc,Y,1638,3,7,2,4,2,472,N,10,192000
1191,RL,0.0,30000,Reg,Mitchel,Norm,2fmCon,1Story,1249,CBlock,Y,1622,3,7,1,2,4,1000,Y,46,168000
115,RL,61.0,7259,IR1,Crawfor,Norm,1Fam,2Story,1028,CBlock,Y,2320,3,9,1,4,1,180,Y,62,259500
835,RL,75.0,7875,Reg,NAmes,Norm,1Fam,1Story,1144,CBlock,Y,1144,3,6,0,2,2,456,N,47,139950
682,RH,55.0,4500,IR2,SWISU,Norm,1Fam,1.5Fin,793,BrkTil,Y,1520,3,6,0,1,1,281,Y,77,159434
834,RL,100.0,10004,Reg,NAmes,Norm,1Fam,1Story,1516,CBlock,Y,1516,3,6,0,2,2,472,N,45,167000
221,RL,73.0,8990,IR1,CollgCr,Norm,1Fam,1Story,1498,PConc,Y,1498,2,5,0,2,2,675,N,0,204900
392,RL,71.0,12209,IR1,Mitchel,Norm,1Fam,2Story,804,PConc,Y,1961,3,7,1,4,2,560,Y,8,215000
1345,RL,85.0,11103,IR1,CollgCr,Norm,1Fam,2Story,728,PConc,Y,1456,3,8,1,3,2,440,N,1,155835
940,RL,0.0,24090,Reg,ClearCr,Norm,1Fam,2Story,1032,CBlock,Y,2403,4,10,2,2,1,349,Y,70,244400
310,RL,90.0,12378,IR1,NridgHt,Norm,1Fam,1Story,1896,PConc,Y,1944,3,8,2,3,3,708,Y,3,360000
1307,RL,48.0,6955,IR1,NridgHt,Norm,TwnhsE,1Story,1368,PConc,Y,1368,2,6,1,2,2,474,Y,1,202500
1367,RL,68.0,9179,IR1,CollgCr,Norm,1Fam,2Story,873,PConc,Y,1790,3,7,0,4,2,588,N,9,193000
528,RL,67.0,14948,IR1,NridgHt,Norm,1Fam,2Story,1452,PConc,Y,2713,3,10,1,4,3,858,N,0,446261
1011,RL,115.0,21286,Reg,Sawyer,Norm,1Fam,1.5Fin,720,CBlock,Y,1271,4,7,1,2,1,312,Y,60,135000
246,RL,80.0,10400,Reg,NWAmes,Norm,1Fam,1Story,1845,CBlock,Y,1872,3,6,1,3,2,604,N,18,241500
686,RL,0.0,5062,IR1,StoneBr,Norm,TwnhsE,2Story,1190,CBlock,Y,2090,3,6,1,3,2,577,N,23,207500
519,RL,0.0,9531,IR1,CollgCr,Norm,1Fam,2Story,794,PConc,Y,1796,3,7,0,4,2,546,N,9,211000
1051,RL,73.0,8993,IR1,Gilbert,Norm,1Fam,1Story,1302,PConc,Y,1302,3,6,0,2,2,436,N,0,176485
1045,RL,80.0,9600,Reg,NWAmes,PosN,1Fam,1Story,2000,PConc,Y,2524,4,9,1,4,2,542,N,28,278000
1371,RL,90.0,5400,Reg,OldTown,Artery,1Fam,1.5Fin,840,PConc,Y,1374,2,6,0,1,1,338,Y,89,105000
972,RL,36.0,2268,Reg,NridgHt,Norm,Twnhs,2Story,764,PConc,Y,1626,2,6,0,2,2,474,Y,6,173000
395,RL,60.0,10134,Reg,OldTown,Norm,1Fam,1.5Fin,735,CBlock,Y,1034,2,5,0,1,1,240,Y,67,109000
641,RL,62.0,12677,IR1,NridgHt,Norm,TwnhsE,1Story,1518,PConc,Y,1518,1,6,1,2,2,588,Y,5,274000
105,RM,0.0,7758,Reg,IDOTRR,Norm,1Fam,1.5Fin,1040,PConc,Y,1818,4,7,2,2,1,240,Y,76,169500
816,RL,48.0,12137,IR2,CollgCr,Norm,1Fam,1Story,1649,PConc,Y,1661,3,6,0,2,2,598,N,12,224900
1060,RL,0.0,11275,IR1,Crawfor,Norm,1Fam,1.5Fin,854,CBlock,Y,1991,3,7,1,2,2,432,Y,75,220000
1150,RM,50.0,9000,Reg,OldTown,Artery,1Fam,2Story,650,PConc,Y,1482,3,7,0,2,2,324,Y,89,143000
721,RL,0.0,6563,IR1,StoneBr,Norm,1Fam,1Story,1742,PConc,Y,1742,2,5,1,3,2,564,N,21,275000
815,RL,45.0,8248,Reg,Edwards,Norm,1Fam,1.5Fin,686,BrkTil,Y,1250,3,7,0,3,1,280,Y,88,116000
52,RM,52.0,6240,Reg,BrkSide,Norm,1Fam,1.5Fin,816,PConc,Y,1176,3,6,1,1,2,528,Y,72,114500
603,RL,80.0,10041,IR1,SawyerW,Norm,1Fam,2Story,908,PConc,Y,1915,3,8,1,4,2,506,N,14,220000
355,RL,60.0,8400,Reg,SWISU,Norm,1Fam,1.5Fin,940,CBlock,Y,1595,2,6,2,1,1,240,Y,66,140000
1372,RL,80.0,9600,Reg,NAmes,Norm,1Fam,SLvl,992,CBlock,Y,1661,3,8,1,2,1,377,Y,53,165500
461,FV,75.0,8004,IR1,Somerst,RRAn,1Fam,2Story,832,PConc,Y,1935,3,8,0,4,2,552,N,0,263435
23,RL,75.0,9742,Reg,CollgCr,Norm,1Fam,1Story,1777,PConc,Y,1795,3,7,1,2,2,534,N,6,230000
375,RL,65.0,8200,Reg,CollgCr,Norm,1Fam,2Story,847,PConc,Y,1928,4,8,1,3,2,434,Y,4,219500
539,RL,0.0,11553,IR1,Sawyer,Norm,1Fam,1Story,1051,CBlock,Y,1159,3,7,1,2,1,336,N,38,158000
1161,RL,24.0,2280,Reg,NPkVill,Norm,Twnhs,2Story,855,CBlock,Y,1456,3,7,1,3,2,440,N,32,146000
219,RL,0.0,15660,IR1,Crawfor,Norm,1Fam,1.5Fin,798,CBlock,Y,1954,3,8,2,3,2,431,Y,69,311500
586,RL,88.0,11443,Reg,Timber,Norm,1Fam,1Story,1868,PConc,Y,2028,2,7,2,3,3,880,Y,1,369900
1025,RL,0.0,15498,IR1,Timber,Norm,1Fam,1Story,1565,CBlock,Y,2898,2,10,1,3,2,665,N,32,287000
1366,FV,0.0,7500,Reg,Somerst,Norm,1Fam,2Story,814,PConc,Y,1674,3,7,0,4,2,663,N,10,216000
1132,RL,63.0,10712,Reg,Mitchel,Norm,1Fam,1Story,974,PConc,Y,974,3,5,0,1,0,0,Y,16,93500
1055,RL,90.0,11367,Reg,CollgCr,Norm,1Fam,2Story,1065,PConc,Y,1989,3,7,1,4,2,586,N,4,255000
415,RL,59.0,11228,IR2,SawyerW,Norm,1Fam,2Story,1080,PConc,Y,2097,3,9,1,4,3,678,N,15,228000
206,RL,99.0,11851,Reg,Gilbert,Norm,1Fam,1Story,1424,PConc,Y,1442,3,5,0,2,2,500,N,19,180500
1184,RL,60.0,10800,Reg,OldTown,Norm,1Fam,1Story,1120,BrkTil,Y,1130,2,5,1,2,2,720,Y,86,120000
498,RL,60.0,9120,Reg,BrkSide,Norm,1Fam,1.5Fin,1026,PConc,Y,1820,4,8,0,3,1,240,Y,83,184000
517,RL,0.0,10448,IR1,NWAmes,Norm,1Fam,SLvl,689,CBlock,Y,2119,3,7,1,3,2,583,N,37,158000
703,RL,82.0,12438,IR1,StoneBr,Norm,1Fam,2Story,1234,PConc,Y,2576,4,10,1,3,3,666,N,0,361919
1138,RL,54.0,6342,Reg,Sawyer,Feedr,1Fam,1.5Fin,780,CBlock,N,1020,2,6,0,1,0,0,Y,100,94000
677,RM,60.0,9600,Reg,OldTown,Norm,1Fam,2Story,1095,BrkTil,N,1774,4,8,0,3,3,779,Y,100,87000
376,RL,0.0,10020,IR1,Edwards,Norm,1Fam,1Story,683,BrkTil,N,904,1,4,0,2,0,0,Y,87,61000
976,FV,0.0,2651,Reg,Somerst,Norm,Twnhs,2Story,673,PConc,Y,1382,3,6,0,4,2,490,N,6,165000
186,RM,90.0,22950,IR2,OldTown,Artery,1Fam,2.5Fin,1107,BrkTil,Y,3000,4,10,2,3,3,840,Y,100,475000
